{
  "os":  "Linux-5.15.0-124-generic-x86_64-with-glibc2.35",
  "python":  "3.9.19",
  "startedAt":  "2024-11-06T05:07:55.971754Z",
  "program":  "/home/thierry/Desktop/M1/T1/IFT 6390 - Foundations of ML/Kaggle/ML Kaggle-1/src/NN/optimizer.py",
  "codePath":  "src/NN/optimizer.py",
  "git":  {
    "remote":  "https://github.com/Seet-git/IFT6390-Kaggle-1.git",
    "commit":  "4c491e56cffa53e2fc5f651d1dce4dfe8fcbb3de"
  },
  "email":  "thierry.poey@gmail.com",
  "root":  "/home/thierry/Desktop/M1/T1/IFT 6390 - Foundations of ML/Kaggle/ML Kaggle-1/src/NN",
  "host":  "thierry-CloudProXXXX",
  "username":  "thierry",
  "executable":  "/home/thierry/miniconda3/envs/ift6390-conda-env/bin/python",
  "codePathLocal":  "optimizer.py",
  "cpu_count":  4,
  "cpu_count_logical":  8,
  "disk":  {
    "/":  {
      "total":  "502392610816",
      "used":  "178627067904"
    }
  },
  "memory":  {
    "total":  "16534253568"
  },
  "cpu":  {
    "count":  4,
    "countLogical":  8
  }
}