"Name","State","Notes","User","Tags","Created","Runtime","Sweep","balanced","batch_size","epochs","hidden_layer","learning_rate","minority_weight","optimizer","remove_frequency","weight_decay","Epoch","Test Accuracy","Test F1-score","Test Precision","Test Recall","Test loss","Train Accuracy","Train F1-score","Train Precision","Train Recall","Train loss"
"11/08-00:21:35 - Trial_167","running","-","","","2024-11-08T06:42:18.000Z","15","","true","96","32","448","0.000011726744238661797","1.1465474535466411","RMSprop","9","0.000023095028031536753","","","","","","","","","","",""
"11/08-00:21:35 - Trial_166","finished","-","","","2024-11-08T06:41:48.000Z","28","","true","96","31","448","0.00001213162720235557","1.2787118087537388","RMSprop","5","0.0000180888826341301","31","0.7974522292993631","0.7343181522004691","0.7349604516987082","0.7336879914406536","0.5907942128181457","0.8587802462148012","0.8117247546742694","0.8036169339546675","0.821309142888559","0.4609561405471853"
"11/08-00:21:35 - Trial_165","finished","-","","","2024-11-08T06:41:20.000Z","26","","true","96","27","448","0.00001674049216488113","1.3604203142399869","RMSprop","6","0.000017136218585552334","27","0.7881104033970276","0.7220644820713504","0.7207663963796207","0.7234197467178587","0.5798938608169556","0.8621763124380926","0.8149896970084016","0.8093816308836013","0.8212416839290215","0.4550147483477721"
"11/08-00:21:35 - Trial_164","finished","-","","","2024-11-08T06:40:53.000Z","25","","true","96","24","448","0.000013251390411185987","1.4191482283525505","RMSprop","8","0.000014077454338631829","24","0.7957537154989385","0.7097361410029106","0.7149023385847595","0.7052379644681956","0.5609844362735749","0.8476015282298005","0.7951495682391625","0.7949794169166478","0.7953203016337272","0.484633165436822"
"11/08-00:21:35 - Trial_163","finished","-","","","2024-11-08T06:40:25.000Z","27","","true","96","28","448","0.000010124645410229416","1.2223463595799031","RMSprop","5","0.00001121108326804002","28","0.7507430997876858","0.4671865611152202","0.7230307603852235","0.517662979033424","0.7355897188186645","0.7772746568558087","0.5154119913233435","0.8134101649946107","0.5414801451570248","0.7009095001865078"
"11/08-00:21:35 - Trial_162","finished","-","","","2024-11-08T06:39:57.000Z","26","","true","96","27","448","0.000012372108310790503","1.3378259013842289","RMSprop","5","0.000015224654915842993","27","0.802547770700637","0.7317258401367002","0.73051039763877","0.7329835194716142","0.5761306011676788","0.8518466110089147","0.8037698555036354","0.7979947457389478","0.8103005953638087","0.4751959265889349"
"11/08-00:21:35 - Trial_161","finished","-","","","2024-11-08T06:39:28.000Z","27","","true","96","26","448","0.00001192379207801124","1.3218764353483736","RMSprop","5","0.000015228373220605453","26","0.8046709129511678","0.7338198437269645","0.7346670336043938","0.7329916383145004","0.5714157247543334","0.8517051082496109","0.8025154415301701","0.7976490131530636","0.8079022132512927","0.4896326419469473"
"11/08-00:21:35 - Trial_160","finished","-","","","2024-11-08T06:39:08.000Z","18","","true","96","30","448","0.000010080144400711706","1.1708929599369249","Adagrad","5","0.000012763111909122253","12","0.7371549893842887","0.46077925479086007","0.5194164294020933","0.5037581474229985","0.8369906616210937","0.7385029008065658","0.4645304218247683","0.5182653898905764","0.5039723164180079","0.8302476502753593"
"11/08-00:21:35 - Trial_159","finished","-","","","2024-11-08T06:38:39.000Z","27","","true","96","29","448","0.000010345079683446971","1.2865526592154863","RMSprop","5","0.00001232002985608647","29","0.8","0.7335594656704737","0.7344954921409099","0.7326480141951217","0.5963799285888672","0.8477430309891043","0.7965485592366158","0.7906389915349739","0.803261246460101","0.5021951154277131"
"11/08-00:21:35 - Trial_158","finished","-","","","2024-11-08T06:38:13.000Z","24","","true","96","22","448","0.00001559555188580697","1.3674360899471","RMSprop","5","0.000010024388647780251","22","0.7906581740976646","0.7207985107522447","0.7214301286664339","0.7201791037904164","0.5726693058013916","0.8583557379368898","0.8096051233123507","0.8052098214172034","0.8143950174435379","0.4637423491961247"
"11/08-00:21:35 - Trial_157","finished","-","","","2024-11-08T06:37:45.000Z","26","","true","96","25","448","0.000011905056433366176","1.4272418565152825","Adadelta","5","0.000017005612466693427","25","0.4140127388535032","0.4102140281189568","0.500665229628927","0.5007865496623686","0.8120979881286621","0.4219612282439508","0.41715110894184526","0.5087275419051391","0.510557771833633","0.8094590330446089"
"11/08-00:21:35 - Trial_156","finished","-","","","2024-11-08T06:37:16.000Z","28","","true","96","29","448","0.000010288691032606144","1.3674671207882532","RMSprop","5","0.000017285219593517908","29","0.8059447983014862","0.7378888340913657","0.7517176748485159","0.7278493074277215","0.5837931251525879","0.8488750530635347","0.790387589148837","0.7917289949708815","0.7890795181373084","0.49213976715062113"
"11/08-00:21:35 - Trial_155","finished","-","","","2024-11-08T06:36:42.000Z","33","","false","96","46","448","0.000014535370165980312","1.2763321936111005","RMSprop","5","0.000012958663672369614","39","0.8012738853503185","0.7317365491000929","0.7274279029793735","0.7366399585069662","0.5722410905361176","0.854535163435687","0.8107577301251329","0.8011960233185071","0.8226483845149333","0.47101342476703023"
"11/08-00:21:35 - Trial_154","finished","-","","","2024-11-08T06:36:09.000Z","32","","true","96","46","448","0.000015316540824393726","1.276847281617982","RMSprop","5","0.00001253664506420143","36","0.7983014861995754","0.7333929011070883","0.7284957467086184","0.7391192968896383","0.5691655540466308","0.8717985000707513","0.8320195988180009","0.8220565879417285","0.8441977968490095","0.4299398713015221"
"11/08-00:21:35 - Trial_153","finished","-","","","2024-11-08T06:35:38.000Z","29","","true","96","47","448","0.000015142635071776991","1.2772412631390462","RMSprop","5","0.00001791937682487587","33","0.8059447983014862","0.7384992111738506","0.7346936141655052","0.7427423740544816","0.5790930736064911","0.8477430309891043","0.800066405336322","0.7925711921316785","0.8089550512764092","0.48638948556539174"
"11/08-00:21:35 - Trial_152","finished","-","","","2024-11-08T06:35:06.000Z","31","","true","96","45","448","0.000012392040666511414","1.2025476690385373","RMSprop","3","0.000020847784948025777","35","0.7842887473460722","0.7172051164708151","0.7115022926081314","0.7242715219523036","0.6026307046413422","0.8604782793264468","0.8183606832580507","0.8072946862232486","0.8325271785146535","0.4606473711696831"
"11/08-00:21:35 - Trial_151","finished","-","","","2024-11-08T06:34:40.000Z","24","","false","96","45","448","0.000028000558931121817","1.2477796288851393","RMSprop","3","0.00002060348016740612","21","0.8008492569002124","0.7328705648634077","0.7304185417077405","0.735506126417645","0.5715984725952148","0.8776001132022074","0.839650291840978","0.8296029637132243","0.8518695233219257","0.41839051085549434"
"11/08-00:21:35 - Trial_150","finished","-","","","2024-11-08T06:34:07.000Z","31","","true","64","52","448","0.00001919593931236317","1.0028835807704553","RMSprop","5","0.00008897841271018177","29","0.7902335456475584","0.7181447369186131","0.7161929226484851","0.7202228517432363","0.6323797195344358","0.8754775718126504","0.8417904299664642","0.8251663251040344","0.8663776856593596","0.4262623155976201"
"11/08-00:21:35 - Trial_149","finished","-","","","2024-11-08T06:33:41.000Z","24","","true","96","49","448","0.000023431243205957377","1.1126352916847175","RMSprop","8","0.000014529976082159547","22","0.7830148619957538","0.715380662000922","0.7083708370837083","0.7246126384277637","0.6080639553070069","0.8501485778972689","0.8081669905043858","0.7948938630374778","0.8269003235529235","0.49263515222716975"
"11/08-00:21:35 - Trial_148","finished","-","","","2024-11-08T06:33:13.000Z","27","","true","96","48","448","0.00001567767417900557","1.1624964713201829","RMSprop","7","0.00003138632315120449","25","0.7902335456475584","0.7187927840473998","0.7141534071353739","0.7242195017641397","0.6052690649032593","0.844346964765813","0.7970714298542784","0.7881513122567296","0.808133337053289","0.5177375017791181"
"11/08-00:21:35 - Trial_147","finished","-","","","2024-11-08T06:32:53.000Z","18","","true","96","25","448","0.000010277126131321648","2.3016341912553","RMSprop","10","0.000025214704667415273","11","0.7524416135881105","0.4293675793554641","0.3762208067940552","0.5","0.5298583459854126","0.757322767793972","0.4309525726709075","0.378661383896986","0.5","0.5214164172475403"
"11/08-00:21:35 - Trial_146","finished","-","","","2024-11-08T06:32:27.000Z","24","","true","96","22","448","0.000013328946873328007","1.0590568079813316","RMSprop","5","0.00005002033139539874","22","0.7855626326963907","0.7190274597190593","0.7105493196848","0.7309028983810111","0.6296271228790283","0.842790434413471","0.7987474281873208","0.7864028579683743","0.8159707004591006","0.5235315561294556"
"11/08-00:21:35 - Trial_145","finished","-","","","2024-11-08T06:32:02.000Z","23","","true","96","20","448","0.000011674115673291152","1.0616906088947975","RMSprop","8","0.00011990184568919386","20","0.7791932059447984","0.7148023318856862","0.7104865009794588","0.7199121317623385","0.6638395023345948","0.8335927550587237","0.779715063806038","0.7717470351941982","0.7894361432171513","0.5794985092974998"
"11/08-00:21:35 - Trial_144","finished","-","","","2024-11-08T06:31:37.000Z","24","","true","96","22","448","0.000012040097650563749","1.054872425498327","RMSprop","5","0.00003028491078581361","22","0.7991507430997877","0.7409842744064796","0.7323344060069723","0.7527584255239695","0.6211196541786194","0.8359983019668884","0.788317877161431","0.7766466658006742","0.8044024765228954","0.5573776315998387"
"11/08-00:21:35 - Trial_143","finished","-","","","2024-11-08T06:31:00.000Z","35","","true","96","46","448","0.000016890220085675127","1.004917896703312","RMSprop","9","0.000016003414419461698","44","0.7893842887473461","0.7315607752582172","0.7248317634820773","0.7402682628301891","0.6214259934425354","0.8831187208150559","0.8502977251716513","0.8328130841647328","0.8760246166661186","0.4145802909860739"
"11/08-00:21:35 - Trial_142","finished","-","","","2024-11-08T06:30:32.000Z","27","","true","96","46","448","0.000024609517023769695","1.0043604556331864","RMSprop","8","0.000015015126088494256","28","0.7983014861995754","0.7365725286564581","0.7274306338822467","0.7492213378157908","0.5979915452003479","0.8709494835149285","0.8364165212332753","0.8203348612466156","0.8601674177629124","0.44414488810139735"
"11/08-00:21:35 - Trial_141","finished","-","","","2024-11-08T06:30:07.000Z","23","","true","64","50","448","0.00003370803725613499","1.106188503981604","RMSprop","6","0.00006312611324455165","18","0.7838641188959661","0.7195143438580827","0.712913513777905","0.7280594434429617","0.6292546480088621","0.8749115607754351","0.8392385967274321","0.8243074158121335","0.8600363598756797","0.42892387294554496"
"11/08-00:21:35 - Trial_140","finished","-","","","2024-11-08T06:29:34.000Z","31","","true","96","51","384","0.00002080189215904267","1.495286895166685","RMSprop","5","0.0001047120556466562","35","0.808067940552017","0.7291852813729461","0.7263317176686199","0.73226401164733","0.5251528477668762","0.8659968869392953","0.8234902565483504","0.8196692656037854","0.8276035227439511","0.4226650366106549"
"11/08-00:21:35 - Trial_139","finished","-","","","2024-11-08T06:29:14.000Z","19","","true","128","60","448","0.00004277328795313793","1.3231684015891632","SGD","6","0.000011310694155955136","15","0.7129511677282377","0.501873629509477","0.528703070623574","0.5146018563751832","0.8123180678016261","0.7056742606480826","0.48847707915629424","0.5081793827378029","0.5041541264539986","0.8118915323700223"
"11/08-00:21:35 - Trial_138","finished","-","","","2024-11-08T06:28:54.000Z","18","","true","96","56","448","0.0003647989536345219","2.7652808149826686","RMSprop","4","0.00001920449827730338","12","0.7876857749469215","0.7045928474088465","0.7126151444184231","0.6981868527419389","0.5377844035625458","0.9701429177868968","0.9591993452575402","0.9617154150980562","0.956748403812344","0.1176852482194836"
"11/08-00:21:35 - Trial_137","finished","-","","","2024-11-08T06:28:21.000Z","31","","true","128","47","384","0.000013951150647312564","1.2120076868189602","RMSprop","4","0.00004110914594904346","39","0.7821656050955414","0.7033283246104284","0.7039406275369058","0.7027282716636992","0.6052990900842767","0.8641573510683458","0.822645733157995","0.8124205411451295","0.8353720313186723","0.4597023927739689"
"11/08-00:21:35 - Trial_136","finished","-","","","2024-11-08T06:28:02.000Z","18","","true","96","49","448","0.0024071688744730707","1.1322859973813737","RMSprop","6","0.0001981384842235565","11","0.7690021231422506","0.6971645341734714","0.6939667193455424","0.7008188674451105","0.9969963383674622","0.9862742323475308","0.9815714131364804","0.974710556883892","0.9889558068527052","0.11038373320086582"
"11/08-00:21:35 - Trial_135","finished","-","","","2024-11-08T06:27:28.000Z","33","","true","96","58","448","0.000010115932385092957","1.382767812794056","RMSprop","5","0.000023319449366925697","40","0.8004246284501062","0.7150601466750968","0.71651552470518","0.7136605336219473","0.5593169844150543","0.844346964765813","0.7924821945307579","0.7917159844605551","0.7932607769326961","0.5012071648159543"
"11/08-00:21:35 - Trial_134","finished","-","","","2024-11-08T06:27:01.000Z","25","","false","128","47","448","0.000027544206490346705","1.284592081016823","RMSprop","5","0.0000821322267801238","27","0.7974522292993631","0.7307727059531819","0.7309025979258033","0.7306433099293281","0.5706141606757515","0.8812791849441064","0.8438484545357893","0.8328536257482512","0.8574085821944035","0.4014584230525153"
"11/08-00:21:35 - Trial_133","finished","-","","","2024-11-08T06:26:31.000Z","29","","true","96","53","448","0.000018614262321138297","1.0554590451671753","RMSprop","4","0.0002929945174726015","31","0.7957537154989385","0.7297255703654075","0.724464957436938","0.7359796334490925","0.6191638469696045","0.8717985000707513","0.8362423347717465","0.8209311777746525","0.8580894633177608","0.4378645347582327"
"11/08-00:21:35 - Trial_132","finished","-","","","2024-11-08T06:25:59.000Z","31","","true","96","54","384","0.00001482263427289779","1.174228044048474","RMSprop","4","0.000016314027395459175","36","0.7830148619957538","0.7109318194429131","0.7037922721414922","0.7203453453453453","0.6070390319824219","0.8497240696193575","0.8038719405434505","0.7957685983504266","0.8136295854233722","0.5051447676645743"
"11/08-00:21:35 - Trial_131","finished","-","","","2024-11-08T06:25:27.000Z","31","","true","96","59","384","0.000023003534856816544","1.2410783377363437","RMSprop","5","0.000028133021809368625","35","0.7974522292993631","0.7304696132132718","0.7257738738315562","0.7359217563396763","0.5809220242500305","0.9009480684873356","0.8716369871473514","0.8580674292594823","0.8890112749913794","0.36537877691758647"
"11/08-00:21:35 - Trial_130","finished","-","","","2024-11-08T06:25:00.000Z","25","","true","96","57","448","0.0008238813996611185","1.1154934215099563","Adagrad","4","0.00005231121681883161","24","0.7915074309978769","0.7219311739946291","0.7127420711593703","0.7348446449389223","0.6227777242660523","0.9165133720107542","0.8936090569362364","0.8775726261020379","0.9150515885343926","0.32553009527760585"
"11/08-00:21:35 - Trial_129","finished","-","","","2024-11-08T06:24:40.000Z","19","","true","64","50","448","0.000012143914937103042","2.041565119117684","RMSprop","6","0.00012422957278678356","11","0.7447983014861995","0.42686785105865177","0.37239915074309976","0.5","0.5467818274691298","0.7601528229800482","0.4330227601420264","0.8800424628450106","0.5005892751915144","0.5185190243226988"
"11/08-00:21:35 - Trial_128","finished","-","","","2024-11-08T06:24:08.000Z","30","","true","96","55","448","0.000016931779818541847","1.3329516102397112","RMSprop","6","0.000019719345655450384","34","0.7961783439490446","0.7238886174890083","0.7143286326721108","0.7372303152285541","0.5394207119941712","0.8691099476439791","0.8316959217451271","0.8213740498320277","0.8445941095752569","0.4287329428904766"
"11/08-00:21:35 - Trial_127","finished","-","","","2024-11-08T06:23:49.000Z","18","","true","96","52","448","0.00002146742724595956","1.1910274287313627","Adadelta","5","0.0000145682492199823","11","0.7494692144373672","0.4428864931099079","0.5229581922158681","0.5016122334794806","0.8363455414772034","0.7462855525682751","0.4411407209523312","0.4827733200763823","0.4983880164330806","0.8366583223278458"
"11/08-00:21:35 - Trial_126","finished","-","","","2024-11-08T06:23:18.000Z","29","","true","96","60","448","0.00001137405729330633","1.0719270360719897","RMSprop","5","0.000034098235001429216","33","0.7906581740976646","0.7248075989097686","0.7199579068724306","0.7305415250121419","0.6205715048313141","0.8429319371727748","0.7977919947966632","0.7851828950954147","0.8154399732218506","0.5249274667050388"
"11/08-00:21:35 - Trial_125","finished","-","","","2024-11-08T06:22:43.000Z","33","","true","96","58","448","0.000016767105317269625","1.2562435084465968","RMSprop","7","0.00001201361454443217","40","0.7847133757961784","0.7179146971832933","0.7153223788862086","0.7207541445505932","0.6171907997131347","0.855950191028725","0.8092404625613971","0.8008570120999039","0.8192700123930647","0.4763957225793117"
"11/08-00:21:35 - Trial_124","finished","-","","","2024-11-08T06:22:22.000Z","19","","true","96","57","448","0.005375512285350044","1.1584023445012523","RMSprop","5","0.00002251270574891338","12","0.7732484076433122","0.6942611328945527","0.6910760070896358","0.6978687765066467","1.177260489463806","0.9998584972406962","0.9998089839185108","0.9997118155619596","0.9999062441402587","0.0277845395250699"
"11/08-00:21:35 - Trial_123","finished","-","","","2024-11-08T06:21:49.000Z","31","","true","64","58","448","0.000014260936333464738","1.0009661419819018","RMSprop","6","0.000017661026570078348","31","0.7923566878980892","0.7255350076660341","0.7163994169096211","0.7383528046996205","0.6099540663732065","0.8610442903636621","0.8247234640116787","0.8092794071044451","0.8478480417017968","0.47709676005818824"
"11/08-00:21:35 - Trial_122","finished","-","","","2024-11-08T06:21:13.000Z","34","","true","96","59","448","0.000011473098739684464","1.0569987218823524","RMSprop","5","0.000013188536954511836","42","0.7893842887473461","0.7299236994219652","0.7255813953488373","0.7349988193624557","0.6219385302066803","0.8665628979765105","0.8263744438251517","0.8124892202600029","0.8453037101258252","0.46986579774199305"
"11/08-00:21:35 - Trial_121","finished","-","","","2024-11-08T06:20:37.000Z","34","","true","96","59","448","0.000011613847080140824","1.0630912415568634","RMSprop","5","0.00001897415614116967","42","0.8","0.7368002678493675","0.7272775537170881","0.7500619080047051","0.5951474881172181","0.8477430309891043","0.8059067943235214","0.7928649394984806","0.8243676022365329","0.51051615863233"
"11/08-00:21:35 - Trial_120","finished","-","","","2024-11-08T06:20:05.000Z","31","","true","96","59","448","0.000016748602064025492","1.0662223321237694","RMSprop","5","0.000018576925996524793","35","0.7936305732484077","0.7345527429526704","0.7288764672698476","0.7414891201910787","0.6178054904937744","0.8713739917928399","0.8346071274230492","0.8188111789169603","0.8573179626403015","0.43586903327220194"
"11/08-00:21:35 - Trial_119","finished","-","","","2024-11-08T06:19:37.000Z","27","","true","96","55","448","0.000029599738596300523","1.3133987207621196","RMSprop","6","0.00007031978924470413","28","0.7927813163481954","0.7215680801949054","0.7213133399672434","0.7218248093032462","0.5781235325336457","0.8607612848450544","0.8153373259548227","0.8083420259710066","0.8234013901665043","0.4543427816919378"
"11/08-00:21:35 - Trial_118","finished","-","","","2024-11-08T06:19:07.000Z","28","","false","96","51","448","0.000019471614853633543","1.5771735094463692","RMSprop","5","0.000028579427610966603","31","0.8072186836518047","0.7279869861577821","0.7357361444187791","0.7215329447526797","0.5089673089981079","0.8770341021649922","0.8347757310639377","0.832937779715591","0.8366722870234691","0.38558393958452586"
"11/08-00:21:35 - Trial_117","finished","-","","","2024-11-08T06:18:42.000Z","23","","true","96","51","448","0.000028859836437269385","1.295754744581065","RMSprop","5","0.000019271199838719095","21","0.8008492569002124","0.7328705648634078","0.7269035451751875","0.7400599025463064","0.5607824397087097","0.8668459034951181","0.8272312670849857","0.8167070015880934","0.8404195418823078","0.4282995567128465"
"11/08-00:21:35 - Trial_116","finished","-","","","2024-11-08T06:18:19.000Z","21","","true","96","53","448","0.000014167114426255878","2.440763320795446","RMSprop","7","0.0000996902630726531","18","0.7639065817409767","0.4348364306876334","0.8819031435853866","0.5008976660682226","0.4995580840110779","0.753643696052073","0.429758734769628","0.3768218480260365","0.5","0.4996710419654846"
"11/08-00:21:35 - Trial_115","finished","-","","","2024-11-08T06:17:54.000Z","23","","true","64","54","448","0.0000350772447906512","1.2275868194940596","RMSprop","5","0.00004018410897265916","18","0.797027600849257","0.7297522446823834","0.7240844959746449","0.736565920120406","0.5900675646356635","0.8829772180557521","0.8490073717430768","0.8357706516404386","0.8663436584843218","0.4045786720675391"
"11/08-00:21:35 - Trial_114","finished","-","","","2024-11-08T06:17:19.000Z","33","","true","96","56","448","0.000018245218115012585","1.1470294482991088","RMSprop","6","0.00008463132429037486","39","0.7949044585987262","0.7183126669590527","0.7099287749287749","0.7294634589912763","0.5826766133308411","0.8682609310881563","0.8335826920538303","0.8198303039794892","0.8527221784848542","0.4442397070092124"
"11/08-00:21:35 - Trial_113","finished","-","","","2024-11-08T06:16:44.000Z","33","","true","64","59","448","0.00001497070646117239","1.2756402789435437","RMSprop","6","0.00005903274341699897","34","0.7949044585987262","0.7223263106784503","0.718978747786428","0.7260431531876634","0.5719163909151748","0.872081505589359","0.8342283376874366","0.8229063592692558","0.8485929075825512","0.4231839088706283"
"11/08-00:21:35 - Trial_112","finished","-","","","2024-11-08T06:16:13.000Z","29","","true","96","57","448","0.000014609947255930718","1.2718106902379638","RMSprop","6","0.00009623846678174106","31","0.8050955414012739","0.7400537858727796","0.7355985598559855","0.7451343131788303","0.5744236767292022","0.8521296165275223","0.8062127972295388","0.7975460157069663","0.8167470706492391","0.47807357762310954"
"11/08-00:21:35 - Trial_111","finished","-","","","2024-11-08T06:15:35.000Z","37","","true","96","53","448","0.000011556812172831124","1.2521009835242545","RMSprop","6","0.00009501889349765364","46","0.8004246284501062","0.7357596447669976","0.7362881938928054","0.7352390507714911","0.5939343810081482","0.8631668317532192","0.8180184063794693","0.8100438412005189","0.8273810345496269","0.45945449938645233"
"11/08-00:21:35 - Trial_110","finished","-","","","2024-11-08T06:15:15.000Z","19","","true","96","51","448","0.000022121023253305288","1.066761206583427","SGD","5","0.00007229482644859966","11","0.7116772823779193","0.4701508486791421","0.4920321539582682","0.49687397890118096","0.8642272305488586","0.7218055752087166","0.476996652470685","0.5086348173012806","0.5031579822155738","0.859399377494245"
"11/08-00:21:35 - Trial_109","finished","-","","","2024-11-08T06:14:35.000Z","38","","true","96","51","448","0.00001225744553857153","1.056057352738091","RMSprop","5","0.00006831878841148728","51","0.8076433121019109","0.7437419064728761","0.7378184682060897","0.7507999415351372","0.6002183496952057","0.8617518041601812","0.8235577205040077","0.809239981938392","0.8439021473514701","0.476889627205359"
"11/08-00:21:35 - Trial_108","finished","-","","","2024-11-08T06:14:10.000Z","23","","true","96","47","448","0.000023454859087239683","1.079015515872776","RMSprop","5","0.00006463845156698854","21","0.7953290870488323","0.7328338241496701","0.7275831828828399","0.7390989424887731","0.6100461089611053","0.8569407103438517","0.8150277456944601","0.8020475630070779","0.8327360418832366","0.485879580716829"
"11/08-00:21:35 - Trial_107","finished","-","","","2024-11-08T06:13:42.000Z","26","","false","64","49","512","0.00001358439626648214","1.204054616233085","Adagrad","1","0.0001373228424067294","12","0.7588110403397028","0.4314340898116852","0.3794055201698514","0.5","0.8137289027909975","0.7552002264044149","0.4302644308287649","0.37760011320220743","0.5","0.8149243024018433"
"11/08-00:21:35 - Trial_106","finished","-","","","2024-11-08T06:13:05.000Z","35","","true","96","48","448","0.000025795992886571737","1.4576797229179297","RMSprop","0","0.00017413949161171097","28","0.7898089171974523","0.7102542733284799","0.7172112568001117","0.7045270172388816","0.5782900059223175","0.916654874770058","0.8893207611236283","0.8805420049976882","0.8993399809538389","0.3051651843093537"
"11/08-00:21:35 - Trial_105","finished","-","","","2024-11-08T06:12:29.000Z","35","","true","96","50","448","0.00003820431398283434","1.1614591444470534","RMSprop","0","0.0002527227061728546","29","0.7881104033970276","0.7131280104110698","0.706958926827052","0.7207988802669263","0.6361769104003906","0.9145323333805008","0.8901961127306066","0.8760458783973046","0.9083159676509308","0.33440649992710836"
"11/08-00:21:35 - Trial_104","finished","-","","","2024-11-08T06:11:57.000Z","31","","true","96","48","448","0.000012878486824660709","1.1590476842387938","RMSprop","0","0.00014884040199392276","24","0.8101910828025478","0.7393079961298066","0.7428018519858207","0.7361016121152907","0.60082350730896","0.8546766661949908","0.8094819481495337","0.8004371512943527","0.8205403796295974","0.5199672656284796"
"11/08-00:21:35 - Trial_103","finished","-","","","2024-11-08T06:11:17.000Z","38","","true","96","48","448","0.000011903696772955918","1.4416075445940597","RMSprop","0","0.00013899025123903096","33","0.8093418259023355","0.7283317605413246","0.7357240657216495","0.7221029550088568","0.5428530025482178","0.8686854393660677","0.8237949434428652","0.8226887729506515","0.8249231658205507","0.4332098433294812"
"11/08-00:21:35 - Trial_102","finished","-","","","2024-11-08T06:10:45.000Z","30","","true","96","45","256","0.000017641525298072546","1.0799115823294436","RMSprop","1","0.00016244972157631902","30","0.7910828025477707","0.7227730637230037","0.7177460050462574","0.728740782043932","0.6125035953521728","0.8695344559218905","0.8324428012503143","0.8185022171402525","0.8515744108226038","0.4630968703611477"
"11/08-00:21:35 - Trial_101","finished","-","","","2024-11-08T06:10:09.000Z","34","","true","96","44","256","0.00001800688455218235","1.369996495108088","RMSprop","0","0.00021007783282701783","37","0.7910828025477707","0.7135858011568695","0.7135858011568695","0.7135858011568695","0.5682881772518158","0.8826942125371445","0.844047349523168","0.838932294834548","0.8496384936880005","0.4105195697094943"
"11/08-00:21:35 - Trial_100","finished","-","","","2024-11-08T06:09:31.000Z","37","","true","96","46","512","0.000014656512350463992","1.296055730333726","RMSprop","0","0.00011926256624260986","29","0.786411889596603","0.712177468753713","0.7075213675213675","0.7176572068321174","0.5838570308685302","0.8776001132022074","0.8417398615486726","0.8298984403966677","0.8568482045875663","0.4213357020068813"
"11/08-00:21:35 - Trial_99","finished","-","","","2024-11-08T06:09:04.000Z","25","","true","96","44","512","0.000029651088763479983","1.2328981628791933","Adadelta","0","0.00009375764515111596","11","0.7469214437367303","0.44649420301285586","0.4837269001546245","0.49784849344921833","0.8305658435821534","0.7457195415310599","0.44899956798654006","0.5224641074435334","0.5024362977350978","0.8348088167809151"
"11/08-00:21:35 - Trial_98","finished","-","","","2024-11-08T06:08:20.000Z","43","","false","96","46","512","0.00001001032854469229","1.353470490492025","RMSprop","0","0.00019718088255263517","38","0.802547770700637","0.7215763546798029","0.7205881459612803","0.7225915997155771","0.5624723029136658","0.8587802462148012","0.8134715110866622","0.8097978916339575","0.817425337150784","0.4689878889837781"
"11/08-00:21:35 - Trial_97","finished","-","","","2024-11-08T06:07:37.000Z","41","","true","96","48","512","0.000012746128675693034","1.515913932641324","RMSprop","0","0.0001106564052422872","36","0.7987261146496816","0.71301575254984","0.717184552504716","0.7092809188920621","0.5420598363876343","0.8873638035941701","0.8502273002717209","0.8471567805564522","0.8534588247937881","0.3775752005544869"
"11/08-00:21:35 - Trial_96","finished","-","","","2024-11-08T06:06:45.000Z","50","","true","96","47","512","0.000010080415575884204","1.6244191429175725","RMSprop","0","0.00014762266333649538","47","0.7983014861995754","0.7188339586494579","0.7329858165401225","0.708751909854851","0.5324691128730774","0.8783076269987264","0.832044098614573","0.8353975611989023","0.8288609213989613","0.3786078103490778"
"11/08-00:21:35 - Trial_95","finished","-","","","2024-11-08T06:05:57.000Z","46","","true","96","46","512","0.000010774685373536616","1.3947845732264614","RMSprop","0","0.00013943461587120662","43","0.808067940552017","0.7390712204228749","0.7405173230117301","0.7376782083348767","0.5573518323898315","0.8893448422244233","0.8530265958748255","0.8460664470693007","0.8608659061399716","0.386437391912615"
"11/08-00:21:35 - Trial_94","finished","-","","","2024-11-08T06:05:19.000Z","36","","true","96","44","256","0.000010417932621051792","1.3935472977504073","RMSprop","0","0.0001396036404688504","41","0.802547770700637","0.7281478754411709","0.7300075075075075","0.7263782048755881","0.5687184965610504","0.8682609310881563","0.8225774478951905","0.8212823350646884","0.8239027684362954","0.4603054253636179"
"11/08-00:21:35 - Trial_93","finished","-","","","2024-11-08T06:04:42.000Z","35","","true","96","44","256","0.0000124257267952022","1.0961889355780727","RMSprop","0","0.0001431341504556573","39","0.79447983014862","0.7305655046690445","0.7268058008738496","0.7348180358730929","0.6184092164039612","0.8593462572520164","0.8155036929738524","0.805209935513719","0.82839570458721","0.502223103433042"
"11/08-00:21:35 - Trial_92","finished","-","","","2024-11-08T06:04:07.000Z","34","","true","96","44","256","0.000012291210186870048","1.284631713305525","RMSprop","0","0.00021687845108740088","37","0.7991507430997877","0.735392567004356","0.7352635327635327","0.7355220926297056","0.5939423418045044","0.8664213952172067","0.8207569252263629","0.8148294729285941","0.827388985280199","0.4614381318962252"
"11/08-00:21:35 - Trial_91","finished","-","","","2024-11-08T06:03:32.000Z","33","","true","96","42","256","0.000014339931936947532","1.0913775877927834","RMSprop","0","0.00019009067353844284","35","0.7991507430997877","0.735392567004356","0.7307148626817448","0.7408183584264205","0.6110221672058106","0.8716569973114475","0.8339397858471442","0.8206917743732585","0.8516032611711828","0.46453806033005585"
"11/08-00:21:35 - Trial_90","finished","-","","","2024-11-08T06:03:05.000Z","26","","false","64","35","320","0.00005787031466704045","1.2179692559552513","RMSprop","1","0.00043873344461666544","17","0.79447983014862","0.7215876893014167","0.717211585026214","0.7266202423199126","0.6009959336873647","0.9175038913258808","0.8933344962807817","0.8798257988959675","0.9102789885777034","0.3180911613477243"
"11/08-00:21:35 - Trial_89","finished","-","","","2024-11-08T06:02:37.000Z","26","","true","128","51","256","0.000023318541190281495","1.0972697862716203","RMSprop","4","0.0009669064950580888","28","0.7851380042462845","0.7213145502135692","0.7151129338478461","0.7291769799586952","0.6416825871718558","0.8592047544927126","0.8177007710624038","0.8049524950259872","0.8348767231801228","0.4801024810544082"
"11/08-00:21:35 - Trial_88","finished","-","","","2024-11-08T06:02:08.000Z","28","","true","160","33","320","0.000016578367885226425","1.1918161996751466","RMSprop","2","0.0017874626946336716","33","0.7906581740976646","0.7175710156195076","0.7145533340239649","0.720899410808494","0.5896678368250529","0.8607612848450544","0.8164931364450199","0.8093839679814963","0.8247246277686029","0.48337603873676727"
"11/08-00:21:35 - Trial_87","finished","-","","","2024-11-08T06:01:46.000Z","20","","true","192","41","256","0.00004843116937739427","1.3217744527724855","SGD","0","0.0005625181618310299","14","0.7554140127388536","0.43033381712627","0.3777070063694268","0.5","0.8110856734789335","0.7563322484788454","0.4306316467934257","0.3781661242394227","0.5","0.8115513308628185"
"11/08-00:21:35 - Trial_86","finished","-","","","2024-11-08T06:01:19.000Z","25","","true","128","38","256","0.000019944272071505296","1.000728895334886","RMSprop","1","0.0012556401867855687","23","0.7766454352441614","0.7109078026631218","0.7020999243671309","0.7240391558064936","0.6459822278273734","0.8519881137682185","0.8079868979526104","0.7974040319026252","0.8215858491897898","0.5520468348903316"
"11/08-00:21:35 - Trial_85","finished","-","","","2024-11-08T06:00:48.000Z","29","","true","160","45","256","0.00003222614850800195","1.4091215975209137","RMSprop","2","0.00032195273816790925","37","0.8","0.7225939598683403","0.7274627512198312","0.7183069314308799","0.5651362478733063","0.8853827649639168","0.8479344608250468","0.8413265179599059","0.8553503332297019","0.3939734869533114"
"11/08-00:21:35 - Trial_84","finished","-","","","2024-11-08T06:00:13.000Z","34","","true","128","46","256","0.000012121879857968155","1.5390246058645145","RMSprop","4","0.0008740237723836534","44","0.7872611464968153","0.7000209756872715","0.7141070318574525","0.6902913966945012","0.5501365645935661","0.8570822131031555","0.7996803381287292","0.8090244115706","0.7916683860107614","0.4606988531138216"
"11/08-00:21:35 - Trial_83","finished","-","","","2024-11-08T05:59:42.000Z","30","","true","160","43","256","0.00002652650117680833","1.0848934715809668","RMSprop","3","0.00024170035987593105","38","0.7881104033970276","0.7202318812977258","0.7096192572472253","0.736556779237252","0.6102699200312297","0.8616103014008774","0.8235252933786806","0.810802318349005","0.8407919069440154","0.4823490096463097"
"11/08-00:21:35 - Trial_82","finished","-","","","2024-11-08T05:59:15.000Z","25","","true","128","41","256","0.000016888470678210398","1.2567164614246904","RMSprop","0","0.00017682936040235253","21","0.7983014861995754","0.7137327660663446","0.7122254338785019","0.715306505429784","0.6080622202471683","0.8508560916937881","0.8001002528919186","0.8016136619131771","0.7986306991800303","0.547183303960732"
"11/08-00:21:35 - Trial_81","finished","-","","","2024-11-08T05:58:47.000Z","27","","true","160","48","256","0.000013258786243834637","1.138472815060397","RMSprop","3","0.0004921927820188872","32","0.7995753715498939","0.7179308636762269","0.7214539365418483","0.7147216079276657","0.6288910984992981","0.8423659261355596","0.7910186167360561","0.7868840116403788","0.7955510098478356","0.5635139279895358"
"11/08-00:21:35 - Trial_80","finished","-","","","2024-11-08T05:58:12.000Z","33","","true","160","47","320","0.000021409799635285183","1.0172879737267488","Adadelta","3","0.00034329553048375715","47","0.478556263269639","0.4639298096800121","0.5342558304354826","0.5459216092079225","0.8674713333447774","0.4911560775435121","0.47896482727411255","0.5431397306748308","0.5556140069079393","0.8757698933283488"
"11/08-00:21:35 - Trial_79","finished","-","","","2024-11-08T05:57:39.000Z","32","","true","160","47","256","0.000021546273027628833","1.0920886591838928","RMSprop","3","0.00034178716224566436","41","0.7961783439490446","0.7325018741906903","0.7244100765306123","0.7432538263870098","0.6034073313077291","0.8809961794254988","0.8480165502180336","0.8326574293610932","0.8695157149937989","0.42948429849412706"
"11/08-00:21:35 - Trial_78","finished","-","","","2024-11-08T05:57:10.000Z","28","","true","64","40","256","0.00004577584600634","1.8307499259105828","RMSprop","1","0.0006922138437881011","21","0.7932059447983015","0.7001357760294258","0.7170912951167728","0.6888847271629099","0.49032816129761775","0.9142493278618932","0.8812102864865045","0.8905643722144241","0.8728793068249443","0.28271450343969706"
"11/08-00:21:35 - Trial_77","finished","-","","","2024-11-08T05:56:45.000Z","23","","true","192","45","512","0.00010809007175379989","1.6702480774461197","RMSprop","0","0.0013946004971365357","16","0.7868365180467092","0.7066959687039158","0.7101525576554171","0.703580850024426","0.547893728201206","0.9370312721098062","0.9150308880216036","0.913039767630656","0.917072504005338","0.25036564187423604"
"11/08-00:21:35 - Trial_76","finished","-","","","2024-11-08T05:56:12.000Z","31","","true","256","43","320","0.00003176966177029459","1.3225545809141568","RMSprop","1","0.00239215539919717","38","0.7927813163481954","0.7215680801949054","0.728915144704692","0.7155678531618113","0.6142349183559418","0.8925994056884109","0.8563509753578127","0.8477190634962417","0.866329248068422","0.3796902894973755"
"11/08-00:21:35 - Trial_75","finished","-","","","2024-11-08T05:55:49.000Z","21","","true","128","42","256","0.0000672640164675146","1.1916203228216893","SGD","0","0.0005781466829777886","14","0.7346072186836518","0.44865521505209194","0.4851271916489307","0.4974371636974699","0.8383880194864775","0.7399179283996038","0.4532911594861693","0.4986469445250395","0.49976545702948527","0.8346252026302474"
"11/08-00:21:35 - Trial_74","finished","-","","","2024-11-08T05:55:15.000Z","33","","true","96","39","320","0.000038866981545533915","1.4144071314815976","RMSprop","1","0.0002658672968572741","31","0.7966029723991508","0.716108608285523","0.7146401278088146","0.7176415429063814","0.5608199346065521","0.9142493278618932","0.8878845996770525","0.8791808615338027","0.8978731229285739","0.31876599889349294"
"11/08-00:21:35 - Trial_73","finished","-","","","2024-11-08T05:54:47.000Z","27","","true","160","37","256","0.000025462398975164356","1.2518831944179545","RMSprop","0","0.0044756192297740445","28","0.79447983014862","0.7241684058094467","0.7196173432160908","0.7294406429309669","0.5946800589561463","0.8650063676241687","0.8215636423691723","0.815315856063406","0.8286325096875649","0.4733314322100745"
"11/08-00:21:35 - Trial_72","finished","-","","","2024-11-08T05:54:19.000Z","26","","true","96","44","256","0.000019567363358147154","1.1253579752177534","RMSprop","0","0.0008085419571926003","21","0.8","0.7232815881549486","0.7164566130667827","0.7317187903851123","0.6082844865322113","0.8483090420263195","0.8042416668992255","0.7957703633728719","0.8146125816447909","0.527490146659516"
"11/08-00:21:35 - Trial_71","finished","-","","","2024-11-08T05:53:47.000Z","31","","true","128","42","256","0.0000212882251564012","1.0016310429144557","RMSprop","0","0.0006145750961658729","33","0.7932059447983015","0.726354163758739","0.721174215112542","0.7325200815602212","0.6402408135564703","0.8826942125371445","0.8502859266098489","0.8341203328988253","0.873343045811426","0.4422491964484964"
"11/08-00:21:35 - Trial_70","finished","-","","","2024-11-08T05:53:26.000Z","19","","true","224","40","256","0.000013285733306334216","1.4929074596035268","RMSprop","2","0.0010089183730220698","11","0.7596602972399151","0.4317084942084942","0.3798301486199576","0.5","0.687478092583743","0.7549172208858073","0.43017255281406225","0.3774586104429036","0.5","0.6772314514964819"
"11/08-00:21:35 - Trial_69","finished","-","","","2024-11-08T05:52:53.000Z","31","","true","192","35","320","0.00001046085233901772","1.1157454069457702","RMSprop","1","0.003322388515000298","35","0.7949044585987262","0.7183126669590527","0.7171384490490791","0.7195287878848245","0.6228691660440885","0.845761992358851","0.7972440779076659","0.7906251838667165","0.8049385821992205","0.5572974335502934"
"11/08-00:21:35 - Trial_68","finished","-","","","2024-11-08T05:52:18.000Z","33","","true","160","45","256","0.00002123988577569971","1.3402504149152086","Adadelta","2","0.00186919093126534","45","0.5316348195329087","0.47088041055800905","0.4929039011783981","0.49029715436917654","0.8164012630780538","0.5205886514787038","0.4619503096657048","0.4809846505779729","0.475077632837335","0.8238950649897258"
"11/08-00:21:35 - Trial_67","finished","-","","","2024-11-08T05:51:52.000Z","25","","true","160","42","256","0.00005663278092454671","1.676313099703414","RMSprop","0","0.0006422245418550598","21","0.8093418259023355","0.7235338058258975","0.7473643455317196","0.7087237531411048","0.5050460914770762","0.9091552285269564","0.8752813788553521","0.87886133181608","0.8718683950197632","0.32376644710699715"
"11/08-00:21:35 - Trial_66","finished","-","","","2024-11-08T05:51:18.000Z","33","","true","160","38","512","0.00003365462441301493","1.4797776456132476","RMSprop","1","0.0010283147052955667","29","0.7949044585987262","0.7196722220510766","0.7225612739469149","0.7170097341462323","0.5478786726792654","0.9201924437526532","0.893919389351985","0.8862507838822336","0.902498629964205","0.31088899506462947"
"11/08-00:21:35 - Trial_65","finished","-","","","2024-11-08T05:50:52.000Z","24","","true","192","44","256","0.000043974825029063746","1.148783515823134","RMSprop","0","0.00557109741167617","19","0.7940552016985138","0.7253291637217822","0.7216037382612017","0.7295291483773159","0.6228207533176129","0.8567992075845479","0.8139663686093148","0.8029544901694325","0.8281498543128286","0.49215391036626455"
"11/08-00:21:35 - Trial_64","finished","-","","","2024-11-08T05:50:25.000Z","26","","true","160","41","256","0.000026153968124518458","1.3603092585533485","RMSprop","2","0.0016374096566349997","30","0.7957537154989385","0.7167042350247806","0.7269832759561299","0.7087953553924632","0.5846866945425669","0.8722230083486628","0.8294212949604057","0.8230193566127426","0.8366310931893183","0.4336098896132575"
"11/08-00:21:35 - Trial_63","finished","-","","","2024-11-08T05:49:57.000Z","26","","true","160","42","256","0.0000249425688276591","1.127465056162379","RMSprop","0","0.0012736010100804112","27","0.7936305732484077","0.730904981971459","0.7276314228626293","0.7345516615737204","0.6025546590487162","0.8699589641998019","0.8282684260328337","0.8184646813900558","0.8401936771666266","0.47459064192242095"
"11/08-00:21:35 - Trial_62","finished","-","","","2024-11-08T05:49:25.000Z","30","","true","192","39","256","0.000012884248173932125","1.0420170794951291","RMSprop","1","0.0023643952005309677","31","0.7919320594479831","0.7194530994725294","0.7143012311294175","0.7255713010466447","0.6554353328851553","0.8419414178576482","0.7901040580222288","0.7863119011533495","0.7942281025554307","0.5965234065378034"
"11/08-00:21:35 - Trial_61","finished","-","","","2024-11-08T05:48:47.000Z","35","","true","160","42","256","0.000012560727798768162","1.1215500293456853","RMSprop","1","0.0016998712187051986","42","0.7898089171974523","0.7275165030483979","0.7216107173838322","0.7348349803818789","0.6253218452135721","0.8609027876043582","0.8169809846894035","0.8074306400853591","0.8286843488231708","0.4996793468793233"
"11/08-00:21:35 - Trial_60","finished","-","","","2024-11-08T05:48:13.000Z","32","","true","128","37","256","0.000019525476174732156","1.4464655129118933","RMSprop","0","0.0007540094740754805","36","0.7919320594479831","0.7140562555506217","0.7167678869971681","0.7115497617242819","0.5613887576680434","0.8855242677232206","0.8460651411851863","0.8435183866745517","0.8487202860568968","0.4037905079977853"
"11/08-00:21:35 - Trial_59","finished","-","","","2024-11-08T05:47:41.000Z","30","","true","160","38","256","0.000016758222529495513","1.418150500887996","RMSprop","1","0.0006329729404993052","34","0.8055201698513801","0.7276937012994882","0.7282771126054708","0.7271191135734072","0.5547849198182424","0.8638743455497382","0.8180347675454374","0.8166045845882972","0.8195033843098636","0.4599989334742228"
"11/08-00:21:35 - Trial_58","finished","-","","","2024-11-08T05:47:12.000Z","26","","true","128","50","256","0.00003662242982882815","1.2058228350631142","RMSprop","0","0.0004175909359755892","25","0.78895966029724","0.7207351527476247","0.7167311578635871","0.7253277655860252","0.5918044777292955","0.9016555822838546","0.8716258450620384","0.8591935165886035","0.8870937735135112","0.3760967909225395"
"11/08-00:21:35 - Trial_57","finished","-","","","2024-11-08T05:46:38.000Z","32","","true","160","49","256","0.00001526536027013766","1.245181538105793","RMSprop","1","0.0003770735405525151","40","0.8021231422505308","0.7253678678678678","0.7267992948879376","0.7239902506963788","0.5880974729855856","0.8654308759020801","0.824652666032231","0.8151100818110143","0.836328718752571","0.4608058326774173"
"11/08-00:21:35 - Trial_56","finished","-","","","2024-11-08T05:46:03.000Z","33","","true","128","43","256","0.000010011779555231676","1.0082920878632793","RMSprop","0","0.0005095483042321013","38","0.7859872611464969","0.7111008990308693","0.7043643740231014","0.7197257567423274","0.6700097322463989","0.8430734399320787","0.7919178903684647","0.7887188801582851","0.7953486430843131","0.6183485048157829"
"11/08-00:21:35 - Trial_55","finished","-","","","2024-11-08T05:45:34.000Z","27","","true","128","42","256","0.000015271735563022607","1.0392494533068468","RMSprop","0","0.00042170894557491673","27","0.7953290870488323","0.7262510201286085","0.7167080745341615","0.7396666754863909","0.6270754368681657","0.8498655723786613","0.8066850115254152","0.7966500819974401","0.8194917905803445","0.553274853421109"
"11/08-00:21:35 - Trial_54","finished","-","","","2024-11-08T05:44:57.000Z","35","","true","64","43","256","0.000015158658611294284","1.2896972890972125","RMSprop","0","0.0004220304186663277","32","0.7953290870488323","0.7262510201286085","0.7244919444215814","0.7281076413200765","0.5782547319257582","0.8740625442196123","0.833779380496042","0.8252975637211579","0.8437629851242416","0.4307185177867477"
"11/08-00:21:35 - Trial_53","finished","-","","","2024-11-08T05:44:27.000Z","28","","true","192","44","512","0.00002437963858084725","1.1796770938315442","RMSprop","0","0.00022521704307089328","24","0.780891719745223","0.7102199236143172","0.7099876515684223","0.7104540679908327","0.6185707312363845","0.8856657704825244","0.8481400121059579","0.8392471694955139","0.8585558537528413","0.42538994470158137"
"11/08-00:21:35 - Trial_52","finished","-","","","2024-11-08T05:43:52.000Z","33","","true","160","44","512","0.000025393622100229697","1.1691742542088308","RMSprop","0","0.00016783424522538474","28","0.7983014861995754","0.7281993989224924","0.7262665058160599","0.7302466182163322","0.5985559264818827","0.9015140795245508","0.8723257259833965","0.8587166945719902","0.8897471689197647","0.37701460984018115"
"11/08-00:21:35 - Trial_51","finished","-","","","2024-11-08T05:43:20.000Z","30","","true","160","47","256","0.000016190917732228278","1.2840955478390903","RMSprop","1","0.00007777922144156814","35","0.7953290870488323","0.7230639287052651","0.7260691155386365","0.720303984521341","0.6010292768478394","0.867694920050941","0.821815159808811","0.8182603627039717","0.8256081110278395","0.46885854072040983"
"11/08-00:21:35 - Trial_50","finished","-","","","2024-11-08T05:43:00.000Z","19","","false","128","54","384","0.0015073606858005354","3.7711385189366022","Adagrad","5","0.009975935084610258","12","0.7838641188959661","0.6630915491473259","0.7140422535211267","0.6459355644115812","0.4340270020459828","0.8436394509692939","0.7511748563143996","0.8202134144026965","0.7211965972014948","0.359196880034038"
"11/08-00:21:35 - Trial_49","finished","-","","","2024-11-08T05:42:36.000Z","23","","true","32","49","448","0.00017770598257227935","1.4729614575531167","SGD","6","0.0013561049710298166","11","0.7643312101910829","0.4332129963898917","0.3821656050955414","0.5","0.7343395642332129","0.7530776850148578","0.43069538784836503","0.5433838455365151","0.500198066064839","0.7383620809106266"
"11/08-00:21:35 - Trial_48","finished","-","","","2024-11-08T05:42:15.000Z","19","","true","192","34","384","0.0004986165747059278","1.737703186609474","RMSprop","2","0.000025763062148434457","13","0.778343949044586","0.6912075888012732","0.6964254781220742","0.6867879036274998","0.7260291622235224","0.9811801330125938","0.9748283000297616","0.9691396710619054","0.9808827099572754","0.10881435911397676"
"11/08-00:21:35 - Trial_47","finished","-","","","2024-11-08T05:41:56.000Z","18","","false","256","30","448","0.00005807005996935205","1.984007947435468","Adagrad","4","0.00005492766691877693","11","0.7520169851380043","0.4292292777508483","0.37600849256900215","0.5","0.6042523741722107","0.7574642705532758","0.43099838969404186","0.3787321352766379","0.5","0.6026333208595004"
"11/08-00:21:35 - Trial_46","finished","-","","","2024-11-08T05:41:16.000Z","39","","true","160","47","320","0.000010631168797575102","1.2969302165283092","RMSprop","1","0.00008619723197465947","47","0.7932059447983015","0.719365776466987","0.7269771966154892","0.7131766381766382","0.5917812605698903","0.8753360690533465","0.8319108315936612","0.8270392103255949","0.8372188441212817","0.4467595113648309"
"11/08-00:21:35 - Trial_45","finished","-","","","2024-11-08T05:40:42.000Z","33","","true","224","42","384","0.000031005980183846725","1.5317923504444109","Adadelta","2","0.00013701275529432225","42","0.6653927813163482","0.4780068318676472","0.4802799603077774","0.48573650130015805","0.7833204702897505","0.6671855101174473","0.48342094657105","0.4867909218624945","0.49041466970025493","0.7855522446334362"
"11/08-00:21:35 - Trial_44","finished","-","","","2024-11-08T05:40:22.000Z","19","","false","192","39","448","0.0001928399452979033","1.0447627364888668","RMSprop","5","0.000013516146639108683","14","0.7876857749469215","0.714721393642321","0.7142296357603088","0.7152209810587664","0.7654305421389066","0.9514645535587944","0.9366441220953656","0.9216886901045572","0.95509648861069","0.2324121626647743"
"11/08-00:21:35 - Trial_43","finished","-","","","2024-11-08T05:40:00.000Z","20","","false","128","45","384","0.00008791341016609996","1.7501212911976076","RMSprop","3","0.00003555368025528201","14","0.8076433121019109","0.7171603167823541","0.7368815669727806","0.704083360062725","0.4740957429534511","0.9101457478420828","0.877941707937822","0.8802926734109171","0.8756649691124727","0.29669042783124105"
"11/08-00:21:35 - Trial_42","finished","-","","","2024-11-08T05:39:32.000Z","26","","false","160","40","384","0.000015277888909906253","1.3865241330332816","RMSprop","4","0.0000208303171392858","30","0.7953290870488323","0.7141500881390077","0.7253528047901558","0.7057095368278485","0.5818137725194296","0.8546766661949908","0.800851537115097","0.8027650839983715","0.7990037370088222","0.4891319188806746"
"11/08-00:21:35 - Trial_41","finished","-","","","2024-11-08T05:39:08.000Z","22","","false","192","41","384","0.00007960883802212137","1.7393366812100612","RMSprop","5","0.00002224674000207591","22","0.79447983014862","0.7133261033154796","0.7213902009914075","0.7068058214049961","0.5060812051479633","0.9293901231074004","0.9046087185744136","0.902662301373226","0.9066049316939296","0.2493941820151097"
"11/08-00:21:35 - Trial_40","finished","-","","","2024-11-08T05:38:39.000Z","27","","false","32","28","320","0.00004262435686951259","1.1052775887103152","Adagrad","1","0.000033952797572357066","11","0.743524416135881","0.42644909887968824","0.3717622080679405","0.5","0.8303711857344653","0.760294325739352","0.4319131832797427","0.380147162869676","0.5","0.8079734808718997"
"11/08-00:21:35 - Trial_39","finished","-","","","2024-11-08T05:38:19.000Z","18","","false","128","25","256","0.002620129191544719","3.4293611238359847","SGD","5","0.000014745012797609688","11","0.7554140127388536","0.43033381712627","0.3777070063694268","0.5","0.5510779242766531","0.7563322484788454","0.4306316467934257","0.3781661242394227","0.5","0.5449618180947644"
"11/08-00:21:35 - Trial_38","finished","-","","","2024-11-08T05:37:57.000Z","20","","false","224","34","384","0.04400593506907652","1.36763744587728","RMSprop","3","0.00010555443995123455","16","0.7774946921443737","0.6823223762930866","0.6887434627410831","0.6770828548776517","0.8697594404220581","0.9567001556530352","0.938997225328385","0.9623827576010286","0.9202385833651656","0.2688315757550299"
"11/08-00:21:35 - Trial_37","finished","-","","","2024-11-08T05:37:36.000Z","20","","false","256","38","320","0.000017967865331392962","2.187760620841253","Adadelta","4","0.00006157048215728028","15","0.5970276008492569","0.5109511604350311","0.5140442400272026","0.5166543833214037","0.6882442533969879","0.5937455780387717","0.4963273553927759","0.4998884635484472","0.49986823389792057","0.6875443905591965"
"11/08-00:21:35 - Trial_36","finished","-","","","2024-11-08T05:37:01.000Z","33","","false","224","36","448","0.00002924475966950733","2.48611779802696","RMSprop","1","0.000016624833544553806","32","0.8169851380042463","0.7115027958510043","0.7698329501829566","0.6876160234489497","0.4003416055982763","0.9006650629687278","0.8550978002822668","0.8889276174849721","0.8316787058500527","0.2659784839488566"
"11/08-00:21:35 - Trial_35","finished","-","","","2024-11-08T05:36:32.000Z","27","","false","224","37","384","0.000027036987494252585","1.4093261313862688","RMSprop","4","0.000019822893820407917","30","0.8033970276008493","0.7319237571019497","0.7323421502715228","0.7315100955761664","0.5462909476323561","0.8606197820857506","0.8126483980646009","0.8104670462062504","0.8149213634953991","0.4510964332148433"
"11/08-00:21:35 - Trial_34","finished","-","","","2024-11-08T05:36:12.000Z","18","","true","224","46","320","0.000070898554912733","1.258308022307463","Adadelta","3","0.000043801734368610454","11","0.7447983014861995","0.42686785105865177","0.3743064447289799","0.4966024915062288","0.82940519397909","0.7535021932927692","0.431953026947213","0.42744544652961475","0.4977174941262373","0.8253282159566879"
"11/08-00:21:35 - Trial_33","finished","-","","","2024-11-08T05:35:50.000Z","20","","true","128","46","384","0.0000803960856660376","1.3582925006413258","RMSprop","3","0.00001855289200938731","14","0.8059447983014862","0.7363413095537031","0.7370485036119712","0.735647288715193","0.546173798410516","0.8986840243384746","0.8671513306994494","0.8563946823431562","0.8801158746059825","0.3577394677059991"
"11/08-00:21:35 - Trial_32","finished","-","","","2024-11-08T05:35:27.000Z","21","","true","160","46","384","0.00008523237074867515","1.59594139594597","RMSprop","6","0.000025114259452563333","19","0.7932059447983015","0.719365776466987","0.723343665709129","0.7158131503874894","0.546266480286916","0.9201924437526532","0.8939987213214856","0.8847867225848627","0.9045603009452572","0.28282190958658854"
"11/08-00:21:35 - Trial_31","finished","-","","","2024-11-08T05:35:05.000Z","20","","true","160","50","384","0.00029941291162864224","1.5754901214270889","RMSprop","7","0.000024275706606190867","14","0.79447983014862","0.7118686398861045","0.7186657063882833","0.7061993218339968","0.6432554324467977","0.964907315692656","0.9534243004832816","0.9452161532433682","0.9624884779539796","0.16096258875396516"
"11/08-00:21:35 - Trial_30","finished","-","","","2024-11-08T05:34:42.000Z","21","","true","96","31","512","0.0011861591403823824","2.620147899768095","Adagrad","3","0.000016063973593651447","15","0.8089171974522293","0.7096492612392244","0.7527996641694652","0.6894512117211125","0.4260218524932861","0.921041460308476","0.8878396394108685","0.9074951783762109","0.8719891640192272","0.22986368210734548"
"11/08-00:21:35 - Trial_29","finished","-","","","2024-11-08T05:34:19.000Z","21","","true","64","41","448","0.015097056504253775","2.1262075222816574","Adagrad","4","0.00007538049608384775","13","0.7821656050955414","0.7036813838135666","0.7087869854590176","0.6993205911806347","0.6519462683716336","0.9920758454789868","0.9892080508215748","0.9882406827818572","0.9901846763546064","0.07079376404484113"
"11/08-00:21:35 - Trial_28","finished","-","","","2024-11-08T05:33:38.000Z","40","","false","32","56","384","0.003747916221464434","3.1726871778386156","RMSprop","6","0.0000479247933327188","27","0.78895966029724","0.7129232899714282","0.7156937265632918","0.7103735296340875","0.9147086793909202","0.9998584972406962","0.9998076301865502","0.9997087944088526","0.9999065595215848","0.03280956423483216"
"11/08-00:21:35 - Trial_27","finished","-","","","2024-11-08T05:33:15.000Z","22","","true","96","60","320","0.0007557615157502848","3.742361486173735","SGD","4","0.00018816220439335992","11","0.7643312101910829","0.4332129963898917","0.3821656050955414","0.5","0.5507778406143189","0.7533606905334654","0.4296666935679122","0.3766803452667327","0.5","0.563035762793309"
"11/08-00:21:35 - Trial_26","finished","-","","","2024-11-08T05:32:54.000Z","19","","false","128","37","448","0.000020494056445868406","1.184071120546041","Adagrad","8","0.000019024479536422547","12","0.7367303609341825","0.46191979763673674","0.5548437728135495","0.5085612535612536","0.8307387232780457","0.7525116739776425","0.4641995908470172","0.5625835512932287","0.5087400820616368","0.8178868293762207"
"11/08-00:21:35 - Trial_25","finished","-","","","2024-11-08T05:32:29.000Z","23","","true","64","46","384","0.08909240455848301","2.663392407491304","RMSprop","9","0.00004522344410224648","17","0.770276008492569","0.43692681381069626","0.8850892098555649","0.5009225092250923","0.4920863106444075","0.7561907457195415","0.4486607210573776","0.8775234574921809","0.5093963553530751","0.4137996502287753"
"11/08-00:21:35 - Trial_24","finished","-","","","2024-11-08T05:31:58.000Z","29","","true","32","52","384","0.00005028338486935787","1.8912650750451891","RMSprop","6","0.000010142924147870084","18","0.7906581740976646","0.6997174897947941","0.7113804773313434","0.6911138927358167","0.49128056015517263","0.9228809961794257","0.8942748699385579","0.9001328599027143","0.888826438167398","0.24743191830443045"
"11/08-00:21:35 - Trial_23","finished","-","","","2024-11-08T05:31:36.000Z","20","","true","96","44","384","0.00026090961022493664","2.9681738224085716","RMSprop","8","0.000035602955085282084","14","0.7876857749469215","0.7000379060378612","0.7235574542966957","0.6866621259805533","0.576266063451767","0.9671713598415168","0.9544473223468244","0.9586876074824136","0.9503855391645056","0.12991365005035657"
"11/08-00:21:35 - Trial_22","finished","-","","","2024-11-08T05:31:13.000Z","21","","true","64","52","320","0.00012622572282046144","3.453910507445644","RMSprop","6","0.00001703598990436534","13","0.7915074309978769","0.6947250200580872","0.7197864580269429","0.6806187781842934","0.4600280023909904","0.9220319796236026","0.8895601641203843","0.907619448646939","0.8747623171643246","0.22177632555768295"
"11/08-00:21:35 - Trial_21","finished","-","","","2024-11-08T05:30:38.000Z","33","","true","96","53","384","0.00002375038132585802","2.7493965869763355","RMSprop","10","0.000010891001854206904","39","0.7902335456475584","0.6926445194520825","0.7076199502670091","0.6824039992041385","0.42023184061050417","0.8957124663930947","0.8503786039276953","0.8778855894260456","0.8304301905827829","0.272634273243917"
"11/08-00:21:35 - Trial_20","finished","-","","","2024-11-08T05:30:04.000Z","33","","true","96","56","448","0.0000378097110358652","3.9792259826563434","RMSprop","2","0.00030203794136628143","35","0.7966029723991508","0.6992220881633415","0.7425685017199675","0.6805139403788533","0.4320639455318451","0.915098344417716","0.8764376558298277","0.9027683352301348","0.8564944874420952","0.2404891564636617"
"11/08-00:21:35 - Trial_19","finished","-","","","2024-11-08T05:29:39.000Z","24","","false","32","43","384","0.00005500018838526566","3.615705015034316","SGD","8","0.001142722478284312","11","0.7515923566878981","0.4290909090909091","0.3762755102040816","0.49915397631133673","0.6210817622171866","0.7571812650346682","0.43318239351170656","0.6287363649242101","0.5007917392518402","0.6190767619944266"
"11/08-00:21:35 - Trial_18","finished","-","","","2024-11-08T05:29:14.000Z","24","","true","64","35","384","0.009643427439616156","2.8950075428433673","RMSprop","0","0.0002796501814944468","12","0.7757961783439491","0.6777504105090311","0.702274009233919","0.6649671164724323","0.6001863946785798","0.9833026744021508","0.976704823661896","0.9854679089507437","0.9686242111945036","0.1355638029473322"
"11/08-00:21:35 - Trial_17","finished","-","","","2024-11-08T05:28:49.000Z","24","","true","32","40","320","0.000012534421519493103","3.31638077102352","RMSprop","10","0.0008266954307621048","11","0.7579617834394905","0.4311594202898551","0.3789808917197453","0.5","0.5058021472918021","0.7556247346823263","0.4309693403819287","0.8777950750070762","0.5002893518518519","0.4917117230493019"
"11/08-00:21:35 - Trial_16","finished","-","","","2024-11-08T05:28:09.000Z","39","","true","32","53","384","0.000028741736308134335","2.9010612110426495","RMSprop","10","0.000010320233271458717","28","0.8101910828025478","0.722081637405224","0.7384869349286076","0.7104532632644198","0.41902128929221955","0.9060421678222724","0.8677982023777621","0.8864680043217276","0.85285684620791","0.24601597558049595"
"11/08-00:21:35 - Trial_15","finished","-","","","2024-11-08T05:27:48.000Z","19","","true","96","52","384","0.0001273357159865385","1.5958572038454435","RMSprop","7","0.000010348473893277975","13","0.8008492569002124","0.7184528781791453","0.72999732405673","0.7096947020798201","0.5495006561279296","0.9176453940851846","0.8900797071610089","0.8841426064420632","0.896549740387154","0.2886647334372675"
"11/08-00:21:35 - Trial_14","finished","-","","","2024-11-08T05:27:27.000Z","19","","true","160","48","384","0.0002863980700693359","1.609852227907493","RMSprop","7","0.00002634104691591061","15","0.7927813163481954","0.7182892822264667","0.7215479506565858","0.7153222001345885","0.6910813987255097","0.9733974812508844","0.964357878665548","0.9575328639346318","0.971731028588207","0.14311918748749627"
"11/08-00:21:35 - Trial_13","finished","-","","","2024-11-08T05:26:58.000Z","27","","true","160","48","448","0.0004925708906795042","1.891601255309024","Adagrad","7","0.00002938733621553595","30","0.810615711252654","0.7177157532847563","0.74066747281033","0.7031461400716275","0.4493431508541107","0.8760435828498656","0.8243805211826181","0.8438802762011448","0.8094400528104574","0.34455886284510295"
"11/08-00:21:35 - Trial_12","finished","-","","","2024-11-08T05:26:36.000Z","20","","true","192","32","448","0.006831794916025954","3.220755161121807","Adagrad","3","0.00015959722601247703","15","0.7838641188959661","0.6983283541071632","0.703318911651042","0.69403601926328","0.5480421483516693","0.9813216357718976","0.9748396263666552","0.9728395017960284","0.9768824134001316","0.10596043233935898"
"11/08-00:21:35 - Trial_11","finished","-","","","2024-11-08T05:26:12.000Z","22","","true","256","43","448","0.0006247655397824409","1.9323735316791304","Adagrad","2","0.00006498715915481825","19","0.802547770700637","0.6992894655545258","0.7226093705967525","0.6850715385019328","0.46174033880233767","0.8892033394651195","0.8438711261123044","0.8641457003451285","0.8282299900588409","0.3204095278467451"
"11/08-00:21:35 - Trial_10","finished","-","","","2024-11-08T05:25:49.000Z","22","","true","96","49","384","0.02711362883931322","3.951475423922038","Adagrad","0","0.00012151384245767072","12","0.7847133757961784","0.6932387585622531","0.6928580366447039","0.6936242053039461","0.589715586900711","0.9950474034243668","0.993398405790197","0.9929343866958058","0.9938646274910424","0.07373239618499537"
"11/08-00:21:35 - Trial_9","finished","-","","","2024-11-08T05:25:24.000Z","23","","false","192","60","512","0.00014316720098950543","1.4063687389258797","Adadelta","7","0.0033640906878710792","22","0.6577494692144373","0.4735570682742508","0.4782614891343071","0.4856990989166751","0.8127262684015127","0.6837413329559926","0.49644362951693294","0.5030195200161452","0.5021373145660128","0.7983375497766443"
"11/08-00:21:35 - Trial_8","finished","-","","","2024-11-08T05:25:00.000Z","23","","false","128","57","256","0.09129326149501074","3.0668311745672967","SGD","9","0.00300801054602783","23","0.7932059447983015","0.6972119852714633","0.716779309090658","0.6848926633315794","0.4315290419678939","0.8743455497382199","0.8183782619869555","0.8450151447967476","0.7995179556243751","0.29853121138044764"
"11/08-00:21:35 - Trial_7","finished","-","","","2024-11-08T05:24:34.000Z","25","","false","64","20","320","0.000011789602837163928","1.0699057811142865","SGD","9","0.0004706309068994367","19","0.6365180467091295","0.4917064551071414","0.4928531157399718","0.4938352704338024","0.8706569639412133","0.6489316541672563","0.4903594658915433","0.4907572951879255","0.4917873159021148","0.8582308593097033"
"11/08-00:21:35 - Trial_6","finished","-","","","2024-11-08T05:24:09.000Z","24","","false","64","39","384","0.010496604276969817","3.456008893028556","Adagrad","4","0.0001170281218665548","15","0.7991507430997877","0.7207197856047393","0.724955150261947","0.7169340187740882","0.5913889448384981","0.994905900665063","0.9931194045060582","0.992544747399568","0.9936973424701154","0.0622125594029287"
"11/08-00:21:35 - Trial_5","finished","-","","","2024-11-08T05:23:50.000Z","18","","false","128","32","320","0.02273842748021939","2.313359080894799","Adadelta","5","0.00009189324961201131","11","0.7575371549893843","0.4310219859869534","0.37876857749469217","0.5","0.5168834109055368","0.7556247346823263","0.4304021923107923","0.37781236734116314","0.5","0.5094903026308332"
"11/08-00:21:35 - Trial_4","finished","-","","","2024-11-08T05:23:29.000Z","19","","false","64","26","256","0.00010691025006235496","2.379709636995342","Adagrad","5","0.000013071012734281485","11","0.764755838641189","0.4333493743984601","0.3823779193205945","0.5","0.5405466443783528","0.7532191877741616","0.4296206618240517","0.3766095938870808","0.5","0.5430952154838287"
"11/08-00:21:35 - Trial_3","finished","-","","","2024-11-08T05:23:01.000Z","26","","false","32","21","320","0.0018604201094091536","2.3142423330706703","RMSprop","5","0.0006081595784029828","14","0.7953290870488323","0.7077850865902056","0.7237582005623242","0.6968940345049064","0.6182289957194715","0.9930663647941136","0.990528759399396","0.9930120402441036","0.9881038978004452","0.09285179820602836"
"11/08-00:21:35 - Trial_2","finished","-","","","2024-11-08T05:22:42.000Z","18","","false","192","23","512","0.0021569609777294485","2.7414002191743654","Adadelta","4","0.007626129353865646","11","0.7481953290870488","0.42798153995627886","0.3740976645435244","0.5","0.5992054893420293","0.75873779538701","0.4314104111352482","0.379368897693505","0.5","0.5954612670718012"
"11/08-00:21:35 - Trial_1","finished","-","","","2024-11-08T05:22:22.000Z","18","","false","224","38","256","0.005141433743033293","3.5977720871247794","Adadelta","2","0.000024746597000296573","11","0.7528662420382166","0.4295058139534884","0.3764331210191083","0.5","0.5718153119087219","0.7571812650346682","0.43090674826864234","0.3785906325173341","0.5","0.5698233898729086"
"11/08-00:21:35 - Trial_0","finished","-","","","2024-11-08T05:21:57.000Z","23","","true","192","22","448","0.0014977879025903427","2.291331982731999","Adagrad","4","0.00006234781238036952","19","0.8016985138004247","0.7100525197538972","0.7329819455097828","0.6959984637968781","0.4501935679178971","0.9486344983727184","0.9287109696587668","0.9391543370700576","0.9193601715391372","0.1863980530887037"