"Name","State","Notes","User","Tags","Created","Runtime","Sweep","balanced","batch_size","epochs","hidden_layer","learning_rate","minority_weight","optimizer","remove_frequency","threshold","weight_decay","Epoch","Test Accuracy","Test F1-score","Test Precision","Test Recall","Test loss","Train Accuracy","Train F1-score","Train Precision","Train Recall","Train loss"
"11/07-22:54:51 - Trial_100","finished","-","","","2024-11-08T04:45:03.000Z","28","","false","128","20","256","0.02857678562385914","","Adadelta","5","0.3650271127027354","0.0004196740272884231","20","0.7617834394904459","0.6895438851433042","0.6813958165728077","0.7021262714599328","0.44327429564375626","0.8059997169944814","0.7488118162075935","0.7405878855461915","0.7595880454923007","0.4042029822511332"
"11/07-22:54:51 - Trial_99","finished","-","","","2024-11-08T04:44:35.000Z","26","","false","128","33","256","0.021246857084863388","","Adagrad","4","0.25804851609489754","0.00011473816196239528","14","0.7660297239915075","0.7093455484188893","0.697472283152036","0.7363997594441015","0.5899678233422732","0.9848592047544928","0.9799830025906424","0.970971242539338","0.9899643594072408","0.06529379369957107"
"11/07-22:54:51 - Trial_98","finished","-","","","2024-11-08T04:44:09.000Z","25","","false","128","24","256","0.0765174812860888","","Adagrad","4","0.3235390529593377","0.0001507360322041628","12","0.7643312101910829","0.6918746276693177","0.681602462148961","0.7102058184106642","0.5947652067008772","0.9847177019951888","0.9799323157772516","0.9717872510198996","0.9888764018228142","0.096508058719337"
"11/07-22:54:51 - Trial_97","finished","-","","","2024-11-08T04:43:41.000Z","26","","false","128","25","256","0.06238427067852999","","Adagrad","2","0.19021132604826804","0.00009047616554792982","13","0.7520169851380043","0.6962594943753722","0.6850930312293257","0.7322431218416621","0.6628202686184331","0.9834441771614546","0.9782560622371136","0.9688046874114205","0.9888058787178592","0.06298967603860157"
"11/07-22:54:51 - Trial_96","finished","-","","","2024-11-08T04:43:15.000Z","24","","false","128","22","256","0.07949665644489337","","Adagrad","3","0.2837101842835114","0.00019828442525627528","11","0.7634819532908705","0.7112001463665624","0.7008548350056092","0.7321810542398777","0.5691383543767428","0.964907315692656","0.9540351937291632","0.937597604388992","0.9744782970614212","0.133427392957466"
"11/07-22:54:51 - Trial_95","finished","-","","","2024-11-08T04:42:48.000Z","25","","false","128","25","256","0.06939004963385248","","Adagrad","4","0.321916533208197","0.00014153709048334037","12","0.7774946921443737","0.7210966825055869","0.7100542896103321","0.7408441904034093","0.5514902331327137","0.9818876468091128","0.9759519566577152","0.9663610125073954","0.9866494262355842","0.11059797887823412"
"11/07-22:54:51 - Trial_94","finished","-","","","2024-11-08T04:42:19.000Z","27","","false","160","23","256","0.041668008136961","","Adagrad","2","0.391765028199467","0.000048931238034974384","17","0.7715498938428875","0.6954860436811534","0.6912349100474424","0.7005485627812764","0.8015835404396057","0.999292486203481","0.9990441755368178","0.9985590778097982","0.9995315720442196","0.03190476484596729"
"11/07-22:54:51 - Trial_93","finished","-","","","2024-11-08T04:41:52.000Z","25","","false","160","26","256","0.057000553765722245","","Adagrad","5","0.35261150421873405","0.00016477396519457498","15","0.7749469214437368","0.7093177613450263","0.7035423311419211","0.7166952519547717","0.5864417314529419","0.991226828923164","0.9881639065305357","0.98335394510351","0.9932178698254566","0.09261375433868832"
"11/07-22:54:51 - Trial_92","finished","-","","","2024-11-08T04:41:25.000Z","25","","false","160","26","256","0.06874631822308555","","Adagrad","3","0.33018643844781026","0.00014341592983345652","13","0.780891719745223","0.7242949348570267","0.7161905400766984","0.7359280463642898","0.5559081574281056","0.9847177019951888","0.9794539399088392","0.9713244852854958","0.9883312178900712","0.11557761546638276"
"11/07-22:54:51 - Trial_91","finished","-","","","2024-11-08T04:40:58.000Z","25","","false","160","29","512","0.0522500453213938","","Adagrad","3","0.30900742574131396","0.00008367527356455487","12","0.7660297239915075","0.704589521938173","0.6953484139948631","0.7200072850898495","0.5996349434057872","0.9893872930522144","0.9857674702842152","0.9797334003650684","0.9921991011125424","0.07201868792374928"
"11/07-22:54:51 - Trial_90","finished","-","","","2024-11-08T04:40:24.000Z","33","","false","192","30","256","0.029439945645749227","","SGD","4","0.478258036528832","0.00006738260253717745","28","0.7957537154989385","0.6732432158783337","0.7180781401936924","0.6549637239062753","0.4201090863117805","0.8359983019668884","0.7542463460860309","0.7954871583290356","0.7317115887878285","0.37236517587223567"
"11/07-22:54:51 - Trial_89","finished","-","","","2024-11-08T04:39:54.000Z","28","","true","128","30","256","0.040345999614892006","","Adagrad","10","0.2143338781503214","0.00011038567651977907","17","0.7515923566878981","0.7028252711604133","0.6924768372984356","0.7338435834564483","0.6312629549126876","0.9653318239705674","0.9549224227969866","0.9375618358304324","0.976917326373002","0.1006817385953452"
"11/07-22:54:51 - Trial_88","finished","-","","","2024-11-08T04:39:28.000Z","25","","false","160","29","256","0.027087838097813535","","Adagrad","3","0.3239575901445126","0.00011641341085356348","12","0.778343949044586","0.7183360308821993","0.7072908102853657","0.7375544898446929","0.533945894241333","0.978774586104429","0.9720570797377412","0.9609200700939148","0.9847721158154245","0.1060495973461204"
"11/07-22:54:51 - Trial_87","finished","-","","","2024-11-08T04:39:01.000Z","25","","false","160","25","320","0.0024150910662334977","","Adagrad","5","0.4453795656912101","0.0002253421677384175","13","0.7898089171974523","0.7058820561120698","0.7138948251935608","0.6994522320592093","0.4422763208548228","0.920333946511957","0.8913077679691117","0.8936058874179479","0.8890768125909243","0.2278199851512909"
"11/07-22:54:51 - Trial_86","finished","-","","","2024-11-08T04:38:31.000Z","28","","false","128","21","320","0.0012401459481427228","","Adagrad","4","0.28254300482235495","0.00032734169943915306","19","0.7473460721868365","0.6977453612657194","0.6876948145625512","0.7348534616431708","0.4248861482268886","0.8892033394651195","0.8648479578268923","0.842049434218489","0.9092623315725152","0.23769306630960532"
"11/07-22:54:51 - Trial_85","finished","-","","","2024-11-08T04:38:01.000Z","28","","false","192","24","320","0.0017188514240082035","","Adagrad","3","0.24703553051859256","0.0002739386585750979","19","0.7549893842887474","0.7068891990761682","0.6960675196473827","0.7432021147668932","0.4475674239488748","0.8979765105419556","0.8757676856719276","0.8517934299202978","0.9232879061667508","0.1933306407284092"
"11/07-22:54:51 - Trial_84","finished","-","","","2024-11-08T04:37:27.000Z","32","","false","160","27","256","0.0004287806023835918","","Adagrad","4","0.38198539793863423","0.0007434760895421437","27","0.7757961783439491","0.7028203672155972","0.7014957264957264","0.7042115657808115","0.4332177023092906","0.8491580585821423","0.7982095036419363","0.7930533883233211","0.8039590217532506","0.36458167632420857"
"11/07-22:54:51 - Trial_83","finished","-","","","2024-11-08T04:36:58.000Z","28","","false","160","23","320","0.001514423839373221","","Adagrad","4","0.30193894620440725","0.0009545773960997064","16","0.7515923566878981","0.6939548034772982","0.6827152505358515","0.729592770114522","0.4230893890062968","0.8828357152964483","0.8568915669203849","0.8359360787028783","0.8953549239693819","0.2592061867316564"
"11/07-22:54:51 - Trial_82","finished","-","","","2024-11-08T04:36:28.000Z","29","","false","160","28","320","0.0010707396086960955","","Adagrad","3","0.3361157488453112","0.0005122066377599032","19","0.7677282377919321","0.7035117078794488","0.6907877616268263","0.7328311178384799","0.4262910008430481","0.899108532616386","0.874409170984842","0.8555629432206662","0.903295132459676","0.25504286521010927"
"11/07-22:54:51 - Trial_81","finished","-","","","2024-11-08T04:36:00.000Z","27","","false","160","27","320","0.001304507490646469","","Adagrad","3","0.337952338050523","0.00026492320504335526","18","0.7830148619957538","0.7141344645649594","0.7055802241246494","0.7262507948060674","0.42527984976768496","0.9090137257676524","0.8851379526988625","0.8664444389523733","0.912393126458714","0.2335455033514235"
"11/07-22:54:51 - Trial_80","finished","-","","","2024-11-08T04:35:31.000Z","27","","false","256","26","256","0.0007826985024876589","","Adagrad","4","0.3629860400756624","0.00043243258567508743","19","0.7779193205944799","0.707742123323183","0.6983134238028164","0.7220875769293611","0.4198728233575821","0.8689684448846753","0.8330203164795846","0.8192843958091676","0.8519265615918493","0.3212258613535336"
"11/07-22:54:51 - Trial_79","finished","-","","","2024-11-08T04:35:04.000Z","26","","false","160","26","320","0.0015796866702492663","","Adagrad","4","0.34077940786421673","0.0004493351552291562","15","0.7830148619957538","0.7198843788821538","0.7102186441337954","0.7345897682539746","0.422513614098231","0.9009480684873356","0.8744010890232203","0.85631569667517","0.9006669213503575","0.25033090511957806"
"11/07-22:54:51 - Trial_78","finished","-","","","2024-11-08T04:34:38.000Z","24","","false","128","38","384","0.0002372976538932941","","RMSprop","6","0.4137591894391382","0.0003151188827450607","12","0.7885350318471338","0.7114862325015696","0.7122551043183016","0.7107354227376661","0.45760457296120494","0.9375972831470214","0.9165359422039464","0.9115525398875431","0.9218541148373836","0.19826994969376496"
"11/07-22:54:51 - Trial_77","finished","-","","","2024-11-08T04:34:08.000Z","28","","true","96","21","384","0.0027410412981342183","","Adadelta","5","0.3966816841391621","0.0011824454909793935","14","0.7184713375796178","0.4667653199121205","0.4915345121683471","0.4970615534929165","0.5590668416023254","0.7218055752087166","0.4680470357826887","0.49666754097588606","0.4988933732940388","0.5512411751457162"
"11/07-22:54:51 - Trial_76","finished","-","","","2024-11-08T04:33:34.000Z","33","","false","160","24","320","0.004635974798517171","","RMSprop","1","0.5909268179550005","0.0006536177396121079","24","0.7842887473460722","0.6812398484028154","0.7203654188948307","0.6648060208477691","0.7340991338094075","0.9968869392953162","0.9957052140514642","0.9977550735105664","0.9936939935931366","0.07038188800215721"
"11/07-22:54:51 - Trial_75","finished","-","","","2024-11-08T04:32:59.000Z","33","","false","128","31","384","0.0033137356587805283","","SGD","8","0.2707724650219432","0.00020674771687437683","31","0.6471337579617834","0.6122891542873241","0.6246573339269968","0.6662409017613375","0.4972536108995739","0.6663364935616245","0.6285871768857285","0.6366694753759428","0.6829275687326841","0.4903217367827892"
"11/07-22:54:51 - Trial_74","finished","-","","","2024-11-08T04:32:33.000Z","24","","false","160","33","384","0.000011420682067703826","","RMSprop","3","0.46323429987543274","0.000387718870110847","11","0.7626326963906582","0.4344169009219411","0.4149609876015391","0.4967737847838207","0.5246180911858876","0.7520871656997311","0.4391129589019947","0.6337782382577604","0.5035345075413491","0.5351759599314796"
"11/07-22:54:51 - Trial_73","finished","-","","","2024-11-08T04:32:02.000Z","29","","false","128","26","384","0.0018741836004549889","","RMSprop","2","0.3148613335387344","0.00018011050096259344","19","0.7630573248407644","0.7006901421282798","0.6901669671860141","0.7209288166601329","0.8207395390460366","0.9988679779255696","0.9984739470785492","0.9977037887485648","0.9992499531220702","0.03139981517701277"
"11/07-22:54:51 - Trial_72","finished","-","","","2024-11-08T04:31:27.000Z","33","","false","64","32","384","0.007108093476411146","","RMSprop","1","0.37012751854002673","0.0005150430537493718","16","0.7927813163481954","0.7105917904809872","0.7056759545923632","0.7163504781597312","0.5605067546303207","0.9833026744021508","0.97794552936696","0.9738148785588984","0.9822701436026092","0.1366423284551045"
"11/07-22:54:51 - Trial_71","finished","-","","","2024-11-08T04:30:57.000Z","28","","false","96","35","384","0.010049697712931306","","RMSprop","0","0.34653229115582124","0.00025066285315621665","12","0.7740976645435245","0.7009024064171123","0.6964170146575825","0.7062774340261251","0.5936862432956695","0.9790575916230366","0.971952017471596","0.9667032583574892","0.97751219485727","0.13144428544753306"
"11/07-22:54:51 - Trial_70","finished","-","","","2024-11-08T04:30:24.000Z","30","","false","96","28","512","0.00004084010530940428","","RMSprop","5","0.43436014667532175","0.0000994526517002928","21","0.797027600849257","0.7113568017526442","0.7207362381545841","0.7039549702046468","0.42638414025306703","0.899108532616386","0.862183784729986","0.8662866480142228","0.8583113821965278","0.2690197414643056"
"11/07-22:54:51 - Trial_69","finished","-","","","2024-11-08T04:29:57.000Z","25","","false","128","22","448","0.0009030333277353162","","RMSprop","6","0.23063185977937767","0.0001417980676953882","13","0.7562632696390659","0.7009263126966876","0.6895491503612061","0.7323903048316474","0.6253569941771658","0.9719824536578464","0.963537696053814","0.9494357774730988","0.9804505303175516","0.08756825574008482"
"11/07-22:54:51 - Trial_68","finished","-","","","2024-11-08T04:29:28.000Z","27","","false","192","29","384","0.00008959418556648877","","RMSprop","7","0.2955496593210937","0.0006864265336692267","16","0.7613588110403398","0.7036809997259601","0.6916467982392","0.7349710400402921","0.4175653365942148","0.8583557379368898","0.8296262952969331","0.8094157424337467","0.874024964689858","0.2885912705112148"
"11/07-22:54:51 - Trial_67","finished","-","","","2024-11-08T04:29:01.000Z","25","","false","160","24","384","0.003766140635105152","","Adagrad","4","0.5158144142126723","0.00017207834997779088","13","0.7974522292993631","0.6987506573617408","0.7301592439150699","0.6824081674533141","0.4698529839515686","0.9523135701146171","0.9332032014616892","0.9473095481203128","0.9209671216340476","0.16924863308668137"
"11/07-22:54:51 - Trial_66","finished","-","","","2024-11-08T04:28:34.000Z","25","","false","128","34","384","0.01672378600282161","","RMSprop","10","0.3767424625701674","0.000025762359611957578","11","0.7677282377919321","0.7010811742759743","0.6936067980602394","0.7118427893518293","0.6766373107307836","0.9889627847743032","0.9851725944799032","0.980264398044598","0.9903399428499352","0.0972390930567469"
"11/07-22:54:51 - Trial_65","finished","-","","","2024-11-08T04:27:58.000Z","34","","false","192","31","512","0.09456278652260842","","RMSprop","5","0.40825086388943144","0.00029592506246003676","31","0.7817409766454353","0.7018593795565784","0.7030962557092109","0.7006716378444127","0.7703364720711341","0.9871232489033536","0.9827641413027536","0.9771415528074812","0.988734990423171","0.1459030531145431"
"11/07-22:54:51 - Trial_64","finished","-","","","2024-11-08T04:27:28.000Z","28","","false","160","26","512","0.032031030248169154","","RMSprop","6","0.49701051319100453","0.00004789166995274563","20","0.7830148619957538","0.6734783527683542","0.7091577443045907","0.6578687796464823","0.7331870476404826","0.9847177019951888","0.9789251354062452","0.9845625521965748","0.9735830837380044","0.1371163699362013"
"11/07-22:54:51 - Trial_63","finished","-","","","2024-11-08T04:26:58.000Z","28","","false","128","29","512","0.02165465360046994","","RMSprop","9","0.26819393968018596","0.00007084902691124894","17","0.7583864118895967","0.7095094181083399","0.6989295113737399","0.7354469060351414","0.6707907946486222","0.974388000566011","0.9661018804221172","0.9528024703680342","0.9817255639147128","0.14910006523132324"
"11/07-22:54:51 - Trial_62","finished","-","","","2024-11-08T04:26:30.000Z","26","","false","160","27","512","0.05415328718553059","","RMSprop","5","0.33956474767850586","0.00009643655525049736","12","0.7617834394904459","0.7006850359396356","0.6894149001440562","0.725034099328398","0.5339507937431336","0.9070326871373992","0.8814678423163688","0.8649642174373615","0.9041051851235138","0.2846084664265315"
"11/07-22:54:51 - Trial_61","finished","-","","","2024-11-08T04:25:58.000Z","30","","false","160","30","512","0.03912268688935586","","RMSprop","4","0.4310918663041019","0.0001334274989703929","24","0.7800424628450107","0.6998993342084598","0.7045328791433435","0.6958984058831238","0.6984907984733582","0.9859912268289232","0.9811333698621094","0.9757957547657824","0.9867805579938098","0.14264905899763108"
"11/07-22:54:51 - Trial_60","finished","-","","","2024-11-08T04:25:25.000Z","31","","false","128","40","448","0.001407333777543807","","RMSprop","9","0.40165981776738013","0.009982656186778176","23","0.7838641188959661","0.7070343575564408","0.706670414090313","0.7074027065301062","0.4306827281650744","0.8802886656289798","0.838807240627891","0.8367472268579703","0.8409395059115894","0.310914150838341"
"11/07-22:54:51 - Trial_59","finished","-","","","2024-11-08T04:24:55.000Z","28","","true","160","20","448","0.000353193549708138","","SGD","8","0.35791563289639866","0.00004183831932472057","20","0.6479830148619957","0.5111329409799752","0.5110810746202055","0.5112062452782674","0.5506446798642476","0.640299985849724","0.5240162007596953","0.5237576208983302","0.5244538059880322","0.5613112972842322"
"11/07-22:54:51 - Trial_58","finished","-","","","2024-11-08T04:24:28.000Z","25","","false","128","24","512","0.0023746576623614197","","RMSprop","10","0.4299343269962205","0.000011693126181582162","14","0.7690021231422506","0.7028738521939354","0.6952672032600985","0.7138542662587892","0.8245100567215368","0.9983019668883544","0.9976992821447755","0.9967271236573988","0.998680688149408","0.024097968375177255"
"11/07-22:54:51 - Trial_57","finished","-","","","2024-11-08T04:23:51.000Z","35","","false","160","37","448","0.01223112331881284","","Adadelta","10","0.31333689927099645","0.00005834827263008382","37","0.7401273885350318","0.6831019361375401","0.673373280772045","0.7140370075606844","0.456121955315272","0.7583132871090986","0.710380416338427","0.6992951248120411","0.7435898543285637","0.43718700607617694"
"11/07-22:54:51 - Trial_56","finished","-","","","2024-11-08T04:23:24.000Z","26","","false","224","22","512","0.0006892710254090729","","RMSprop","9","0.47914147234681775","0.000023818607987186056","12","0.7838641188959661","0.7009561111908045","0.69845450712107","0.7036798668521784","0.5203565521673723","0.9608037356728456","0.94771364329354","0.9452955946640372","0.9502011427201223","0.14171706652268767"
"11/07-22:54:51 - Trial_55","finished","-","","","2024-11-08T04:22:51.000Z","31","","false","192","25","512","0.06673887650786922","","RMSprop","10","0.38516016669089326","0.00003406954059799614","25","0.7736730360934183","0.6860776658382703","0.6831256383864346","0.6893850888315833","0.620637868459408","0.9712749398613272","0.9625571218165584","0.9514277995789652","0.9753615009721088","0.17705969552736026"
"11/07-22:54:51 - Trial_54","finished","-","","","2024-11-08T04:22:22.000Z","28","","false","160","24","512","0.04598197956164472","","RMSprop","10","0.39840714068022737","0.00004759512645085093","19","0.7906581740976646","0.7169099153642293","0.7175518979862936","0.716280399570555","0.584664273262024","0.9718409508985424","0.9628542992161656","0.950777786003965","0.9768553145516496","0.1587442997429106"
"11/07-22:54:51 - Trial_53","finished","-","","","2024-11-08T04:21:51.000Z","29","","false","192","28","512","0.031481263858918265","","RMSprop","9","0.4534087344743607","0.000057999223431684854","23","0.7804670912951168","0.7048515197346237","0.708225781662555","0.7018262987012986","0.6317600768346053","0.9855667185510116","0.9802725089689072","0.9802725089689072","0.9802725089689072","0.14171135365157514"
"11/07-22:54:51 - Trial_52","finished","-","","","2024-11-08T04:21:19.000Z","30","","false","160","28","512","0.03791252227732587","","RMSprop","6","0.4219183860762282","0.0001270681206916502","25","0.7936305732484077","0.7142920619958741","0.7185151112404671","0.7105383399550533","0.6473874231179555","0.9797651054195556","0.9727165140952254","0.970630937014242","0.9748486912172674","0.1664193343785074"
"11/07-22:54:51 - Trial_51","finished","-","","","2024-11-08T04:20:52.000Z","26","","false","160","32","512","0.005787926355731483","","RMSprop","4","0.3292806233591729","0.00008347527166882732","13","0.7685774946921444","0.7103346529330796","0.7008397047056973","0.7263845421539079","0.7271316369374593","0.9939153813499364","0.9917702792091768","0.9882763445065248","0.995389189748362","0.07328122514817449"
"11/07-22:54:51 - Trial_50","finished","-","","","2024-11-08T04:20:27.000Z","24","","false","160","31","512","0.005061061942254511","","RMSprop","10","0.3383271253134151","0.00010168464008313836","11","0.7719745222929937","0.7164661440216167","0.7064391628020503","0.7339127094636769","0.5833849151929219","0.9770765529927834","0.9693455618280064","0.960682573196275","0.978902068048104","0.10771764748626284"
"11/07-22:54:51 - Trial_49","finished","-","","","2024-11-08T04:19:56.000Z","29","","true","128","34","448","0.01262230726677287","","RMSprop","7","0.5328863394974199","0.00034513401325116815","20","0.7855626326963907","0.68424670427395","0.6982110115713971","0.6746546546546547","0.5869082698696538","0.98401018819867","0.9781756182084484","0.985396078326948","0.9714435718617735","0.12294917872973853"
"11/07-22:54:51 - Trial_48","finished","-","","","2024-11-08T04:19:29.000Z","25","","false","96","21","384","0.0001831607665357558","","SGD","3","0.1688687050080081","0.002065471525089576","11","0.24288747346072187","0.195421933720533","0.12144373673036092","0.5","0.6065211725234986","0.2443752653176737","0.19650202747196405","0.6221341636003397","0.5000936154278225","0.6079981657298835"
"11/07-22:54:51 - Trial_47","finished","-","","","2024-11-08T04:18:49.000Z","39","","false","128","48","320","0.0005031998948629469","","Adagrad","8","0.2071243282732163","0.00021646589376211843","43","0.7057324840764331","0.6770347071699417","0.6840734280231666","0.7446686726019662","0.42322804425892074","0.7883118720815055","0.7632086874971555","0.7580190357587617","0.844598804016374","0.3018183162701981"
"11/07-22:54:51 - Trial_46","finished","-","","","2024-11-08T04:18:17.000Z","30","","false","32","54","256","0.002825178428871858","","RMSprop","5","0.2851038006739019","0.00047506094232726984","12","0.7622080679405521","0.6956959950381003","0.6909225010652126","0.7017022792022792","0.6055961869455673","0.9770765529927834","0.9693105361331557","0.9594976546189492","0.9802826438299876","0.1159925871945884"
"11/07-22:54:51 - Trial_45","finished","-","","","2024-11-08T04:17:50.000Z","25","","true","192","38","384","0.0011594856394955384","","RMSprop","6","0.40500039694095297","0.00012294289938369297","13","0.7762208067940553","0.7055068814365535","0.6998090551870118","0.7126959551945531","0.642256878889524","0.9820291495684166","0.9759730000801784","0.9701062214515176","0.9822286893644848","0.09328993188368308"
"11/07-22:54:51 - Trial_44","finished","-","","","2024-11-08T04:17:10.000Z","38","","false","96","35","448","0.004990611037160886","","Adadelta","4","0.2427902490422486","0.0009350857783673276","35","0.6467091295116772","0.6226194144838213","0.6472484673638659","0.6983098591549296","0.4820461475849151","0.6370454223857365","0.6163330163774643","0.6500211954217889","0.7033380843655348","0.4709450715296977"
"11/07-22:54:51 - Trial_43","finished","-","","","2024-11-08T04:16:40.000Z","28","","false","64","43","384","0.00203990651211865","","RMSprop","3","0.4534941292128648","0.00039604457894791225","14","0.7830148619957538","0.6982828973446549","0.7010019147976048","0.6957868538912055","0.6489947559060277","0.99702844205462","0.9959839716068276","0.9964688394762736","0.995501394875242","0.05884012735977366"
"11/07-22:54:51 - Trial_42","finished","-","","","2024-11-08T04:16:10.000Z","29","","false","128","32","384","0.08375074082480204","","RMSprop","5","0.3254250716781884","0.00024030259082339449","20","0.767303609341826","0.7046008057132394","0.6965639337721923","0.7167259611396115","0.594459554082469","0.9504740342436676","0.9356829915296934","0.9184893433418098","0.9577833625662102","0.21402852343661444"
"11/07-22:54:51 - Trial_41","finished","-","","","2024-11-08T04:15:43.000Z","26","","false","96","25","384","0.005123928147137626","","RMSprop","4","0.3550063996405691","0.000613181314050413","13","0.7745222929936306","0.7083126027345497","0.701174225415357","0.7180957953706824","0.5476456940174103","0.972972972972973","0.9640283517339996","0.9554865723300836","0.9734632765167166","0.1451926715672016"
"11/07-22:54:51 - Trial_40","finished","-","","","2024-11-08T04:15:16.000Z","25","","true","128","22","384","0.000026784303085334692","","RMSprop","3","0.794036544394504","0.000350358031542817","11","0.743524416135881","0.42644909887968824","0.3717622080679405","0.5","0.4767254198852338","0.760294325739352","0.4319131832797427","0.380147162869676","0.5","0.4394067430070469"
"11/07-22:54:51 - Trial_39","finished","-","","","2024-11-08T04:14:39.000Z","36","","false","160","36","384","0.00026282243777516964","","Adagrad","4","0.15595189551718297","0.00020591929103061697","36","0.5927813163481953","0.584319643431989","0.6584258853995696","0.7034646102679407","0.4315729280312856","0.6490731569265601","0.6384928237994714","0.6985533073059478","0.7615125992900982","0.35271100136968825"
"11/07-22:54:51 - Trial_38","finished","-","","","2024-11-08T04:14:13.000Z","24","","false","128","28","320","0.0009725609213970152","","Adadelta","8","0.7062387812143626","0.0015080686339902988","11","0.7634819532908705","0.4329400433421623","0.38174097664543527","0.5","0.6421206373917429","0.753643696052073","0.429758734769628","0.3768218480260365","0.5","0.6445361397096089"
"11/07-22:54:51 - Trial_37","finished","-","","","2024-11-08T04:13:39.000Z","32","","true","192","45","448","0.00006807610715254228","","RMSprop","7","0.6165791171992024","0.00012052593233371254","29","0.8016985138004247","0.6806223274115913","0.7531324867125287","0.6585955120129188","0.46696754143788266","0.9201924437526532","0.8797907415248871","0.9343285773596752","0.8462080704555965","0.18980991920909365"
"11/07-22:54:51 - Trial_36","finished","-","","","2024-11-08T04:13:13.000Z","24","","false","160","27","448","0.00001694135430586647","","Adagrad","6","0.2895235303074736","0.0008012882230466509","11","0.2441613588110403","0.1962457337883959","0.12208067940552016","0.5","0.633726421991984","0.2438092542804585","0.19601820250284416","0.12190462714022925","0.5","0.6340505798657735"
"11/07-22:54:51 - Trial_35","finished","-","","","2024-11-08T04:12:40.000Z","31","","false","128","23","320","0.00013855966357502792","","RMSprop","5","0.8802704316349432","0.0004320353043190598","23","0.786411889596603","0.5981093686439369","0.7455389958346206","0.59050481807544","0.5629886749543642","0.8566577048252441","0.7491865583574987","0.920273886352904","0.7067168500289519","0.09685331543109246"
"11/07-22:54:51 - Trial_34","finished","-","","","2024-11-08T04:12:15.000Z","24","","false","160","23","384","0.0005562702117773853","","Adadelta","5","0.3859558046333051","0.001185336509447426","11","0.25010615711252654","0.2000679347826087","0.12505307855626327","0.5","0.6635506391525269","0.2418282156502052","0.19473564266180493","0.1209141078251026","0.5","0.6621220522456699"
"11/07-22:54:51 - Trial_33","finished","-","","","2024-11-08T04:11:48.000Z","25","","false","128","22","384","0.0006988126299562846","","RMSprop","5","0.3792072180290593","0.0004209690605290446","13","0.7847133757961784","0.7151161417365106","0.7106048781580696","0.7204250122129946","0.5667539568323838","0.9741049950474034","0.965522062186767","0.9575799025892302","0.9742263333171152","0.11893235985189676"
"11/07-22:54:51 - Trial_32","finished","-","","","2024-11-08T04:11:21.000Z","25","","false","160","30","384","0.002197052990337671","","RMSprop","4","0.4669216038878703","0.0005896271098589103","13","0.7825902335456476","0.7068571161835411","0.7091036414565826","0.7047673908272987","0.5371733864148458","0.9760860336776568","0.9670956873313508","0.9716670531572124","0.9627275674719746","0.1337207093834877"
"11/07-22:54:51 - Trial_31","finished","-","","","2024-11-08T04:10:55.000Z","24","","false","128","33","384","0.002447710105204552","","RMSprop","4","0.35565982800165974","0.00024586114823887473","11","0.780891719745223","0.7145990887312696","0.7068396120009024","0.7252985404688191","0.5552198212397726","0.9690108957124663","0.9590909981206694","0.948707413347612","0.9708796816576832","0.13058065649654185"
"11/07-22:54:51 - Trial_30","finished","-","","","2024-11-08T04:10:28.000Z","25","","false","128","25","320","0.0012324860124580436","","RMSprop","7","0.5523656569312223","0.003810638474070591","13","0.7940552016985138","0.6764033006339201","0.7302363216538827","0.6571321955015894","0.4425738328381589","0.8931654167256261","0.8379158623724516","0.8925142569555985","0.8062336305438255","0.2577305790036917"
"11/07-22:54:51 - Trial_29","finished","-","","","2024-11-08T04:09:57.000Z","29","","false","160","23","384","0.0016255384591839634","","SGD","6","0.2588919490360792","0.0008109758188234303","23","0.5639065817409766","0.5369712185604743","0.567836129058322","0.5901964846852447","0.5506244202454885","0.5641715013442762","0.5356657264938449","0.5697257162344445","0.5951056995339646","0.5370257086224026"
"11/07-22:54:51 - Trial_28","finished","-","","","2024-11-08T04:09:29.000Z","26","","false","128","24","384","0.0015576000812885069","","RMSprop","4","0.27267383580533483","0.0006461089731895596","15","0.7749469214437368","0.7195052559476617","0.7086675392802967","0.7391557788360341","0.5874335059994146","0.9828781661242394","0.9772373091583876","0.9673484941820456","0.9882978324858348","0.09126505827797313"
"11/07-22:54:51 - Trial_27","finished","-","","","2024-11-08T04:09:02.000Z","25","","false","128","39","320","0.013621664999241674","","RMSprop","5","0.12065520727737514","0.0016918921378623116","12","0.6475583864118896","0.6302873644963896","0.6746602418128979","0.7401576576576576","0.43404799386074666","0.7048252440922598","0.6895621538526333","0.7217378717833458","0.7971485598937555","0.3274875602551869"
"11/07-22:54:51 - Trial_26","finished","-","","","2024-11-08T04:08:31.000Z","29","","false","160","29","384","0.00006945905017033302","","RMSprop","6","0.4982910641833195","0.0005687933294213767","23","0.7876857749469215","0.6816831137149568","0.7232895571333551","0.6645014245014245","0.4553488314151764","0.9139663223432856","0.8758716385927319","0.8994664086686168","0.857609151344553","0.2370379086997774"
"11/07-22:54:51 - Trial_25","finished","-","","","2024-11-08T04:08:03.000Z","27","","false","128","37","384","0.00009505931478869197","","RMSprop","5","0.4714644222640554","0.00049553891234973","17","0.8089171974522293","0.718035810449823","0.729665788614541","0.709041709832432","0.4153530911395424","0.9179283996037922","0.8868201716261319","0.899644724062827","0.8758296058080342","0.24177274613508157"
"11/07-22:54:51 - Trial_24","finished","-","","","2024-11-08T04:07:31.000Z","30","","false","96","26","448","0.0030343054562652484","","RMSprop","1","0.3730644536679435","0.00017150120231219275","13","0.7643312101910829","0.6941659348550802","0.6864038616251005","0.7056922694506587","0.7127474451065063","0.9977359558511392","0.9969467100011772","0.9957961070427466","0.998110455171028","0.04735540392229686"
"11/07-22:54:51 - Trial_23","finished","-","","","2024-11-08T04:07:02.000Z","28","","false","64","33","448","0.01919706330089543","","RMSprop","3","0.5191336753950867","0.00003772279348152958","13","0.7859872611464969","0.6898809187877419","0.7225643326128623","0.6743200713983748","0.7659982547566697","0.9879722654591764","0.9832512128472938","0.989602672276655","0.9772613282829752","0.1241242353644994"
"11/07-22:54:51 - Trial_22","finished","-","","","2024-11-08T04:06:32.000Z","28","","false","96","41","384","0.0006308304488113567","","RMSprop","1","0.25729787861366826","0.00015591657475382895","13","0.7507430997876858","0.6929084951131179","0.6833075067296037","0.7131946002181262","0.7012722492218018","0.9869817461440498","0.9825913067171396","0.9746832676598924","0.991208378119686","0.05362409343187873"
"11/07-22:54:51 - Trial_21","finished","-","","","2024-11-08T04:06:03.000Z","27","","false","96","36","448","0.00012451542377742524","","RMSprop","2","0.4032660462941986","0.00003293582648591013","13","0.7779193205944799","0.7054702029101815","0.6987805688463583","0.7142558694787107","0.44595336556434634","0.9404273383330974","0.921241533557574","0.9136306205570152","0.9296752942893834","0.1947428714987394"
"11/07-22:54:51 - Trial_20","finished","-","","","2024-11-08T04:05:37.000Z","24","","false","256","20","320","0.0008124508563693118","","SGD","3","0.5653534344354698","0.002338245517060376","11","0.7414012738853503","0.42574981711777615","0.37070063694267513","0.5","0.595065051317215","0.761001839535871","0.43214142225793495","0.3805009197679355","0.5","0.5859678302492414"
"11/07-22:54:51 - Trial_19","finished","-","","","2024-11-08T04:05:10.000Z","25","","false","128","30","384","0.0037739697490381183","","RMSprop","5","0.22466134449474215","0.0004765511488151843","13","0.7528662420382166","0.7017430473952213","0.691233140655106","0.7302623545624226","0.5811065419724113","0.9591057025612","0.947087759768274","0.9288223602430256","0.9708184187954324","0.12927360340420688"
"11/07-22:54:51 - Trial_18","finished","-","","","2024-11-08T04:04:38.000Z","30","","false","64","42","320","0.00838289764353124","","RMSprop","1","0.3595432564125588","0.00017359575674452985","13","0.7664543524416136","0.6924857549857549","0.6931271831283836","0.6918603330380063","0.6697436627503988","0.9939153813499364","0.9916984618519924","0.9892746856528982","0.9941805757813376","0.10234361927251558"
"11/07-22:54:51 - Trial_17","finished","-","","","2024-11-08T04:04:02.000Z","35","","false","64","31","320","0.00838211117600323","","RMSprop","3","0.11574954745481496","0.0008002673907335429","26","0.746072186836518","0.6999869623458915","0.6906402344739488","0.741139613740233","0.6694136189447867","0.9622187632658836","0.9513188454132264","0.9330827067669172","0.9749953174751826","0.07696617945088996"
"11/07-22:54:51 - Trial_16","finished","-","","","2024-11-08T04:03:31.000Z","29","","false","128","20","384","0.007068420575723507","","SGD","4","0.30800063884981177","0.00030283674587396785","20","0.7104033970276008","0.6525454602094449","0.6463973369051371","0.685073867190457","0.473841108773884","0.7300127352483373","0.6741079430266856","0.6656436282710465","0.7002847262155772","0.4713043464081628"
"11/07-22:54:51 - Trial_15","finished","-","","","2024-11-08T04:03:01.000Z","29","","false","96","33","384","0.008795718272610713","","RMSprop","2","0.33324365303006914","0.0002700403694145445","14","0.7796178343949045","0.7106102130329522","0.7051579048205046","0.7173608183436389","0.6112941908836365","0.9833026744021508","0.9776799403018313","0.9710327959768884","0.984828538182482","0.12502778321504593"
"11/07-22:54:51 - Trial_14","finished","-","","","2024-11-08T04:02:21.000Z","38","","false","32","27","384","0.0034592886919998273","","RMSprop","2","0.29229951488501626","0.00028531504249038276","17","0.7626326963906582","0.6976165029041743","0.6899923023117669","0.7090491402581933","0.7370876788690284","0.9967454365360124","0.995580735835311","0.9945108763476742","0.9966618136461936","0.07217639015894804"
"11/07-22:54:51 - Trial_13","finished","-","","","2024-11-08T04:01:51.000Z","28","","false","96","32","384","0.004512974358526382","","RMSprop","2","0.3488910455433549","0.00025103356916001123","12","0.7762208067940553","0.712010564613233","0.701672364392947","0.7291136092319936","0.627275002002716","0.9916513372010756","0.9888378504309492","0.984925485157471","0.9929133661030544","0.08462016213987325"
"11/07-22:54:51 - Trial_12","finished","-","","","2024-11-08T04:01:21.000Z","29","","false","96","36","448","0.00032057277655239626","","RMSprop","2","0.4263106125027938","0.00007546696232979478","14","0.7817409766454353","0.7060539096648859","0.7035377602817776","0.7088032874318316","0.5962623572349548","0.9885382764963916","0.9845993489254072","0.9813915068824688","0.9879160101597048","0.07205202777844828"
"11/07-22:54:51 - Trial_11","finished","-","","","2024-11-08T04:00:43.000Z","36","","false","128","38","448","0.00040765524292852033","","Adagrad","2","0.4873823093911754","0.00006042679400988378","28","0.8067940552016986","0.6978750808161779","0.7314334959653259","0.6802100711345578","0.4212446400993749","0.8829772180557521","0.8316551441755216","0.8616764696320638","0.8108666541282679","0.30260948783585"
"11/07-22:54:51 - Trial_10","finished","-","","","2024-11-08T04:00:14.000Z","28","","true","96","60","384","0.0016850557340055286","","RMSprop","6","0.4446438878567939","0.00007624459552975447","13","0.7753715498938429","0.6914853019075338","0.6852439786852053","0.699532810366523","0.7180159974098206","0.9984434696476582","0.997922075575376","0.998205171272042","0.997639781022288","0.033279713117391675"
"11/07-22:54:51 - Trial_9","finished","-","","","2024-11-08T03:59:31.000Z","41","","true","224","34","512","0.0243952967643688","","SGD","0","0.19769403993474155","0.003541197280899038","34","0.6288747346072187","0.6144839857651245","0.6527542101555996","0.6967998042590531","0.4693942368030548","0.6616669025045988","0.6423097936180996","0.6773109743406773","0.7432105362592294","0.4208550425246358"
"11/07-22:54:51 - Trial_8","finished","-","","","2024-11-08T03:59:04.000Z","26","","true","96","59","512","0.0002711705275438531","","RMSprop","10","0.4229389702815025","0.00010092588729555306","12","0.7830148619957538","0.7041318355920005","0.7045002246270009","0.7037678763556973","0.4808360552787781","0.9463704542238572","0.9284060584606796","0.9226978250321708","0.9345424834475146","0.16990141661183253"
"11/07-22:54:51 - Trial_7","finished","-","","","2024-11-08T03:58:38.000Z","24","","false","192","45","256","0.00004324719740886526","","Adadelta","4","0.7150560436241135","0.000015486885128063133","11","0.7422505307855626","0.42602973434072633","0.3711252653927813","0.5","0.703381359577179","0.7607188340172634","0.43205014867797153","0.3803594170086317","0.5","0.7038300359571302"
"11/07-22:54:51 - Trial_6","finished","-","","","2024-11-08T03:58:12.000Z","24","","true","192","51","256","0.023897533212712617","","Adadelta","7","0.6475061703128641","0.000016714390250853327","11","0.7588110403397028","0.4314340898116852","0.3794055201698514","0.5","0.5314683134739215","0.7552002264044149","0.4302644308287649","0.37760011320220743","0.5","0.5277503237530992"
"11/07-22:54:51 - Trial_5","finished","-","","","2024-11-08T03:57:44.000Z","27","","true","192","57","512","0.049950828585100346","","Adagrad","0","0.6391049076924464","0.007683404473737224","11","0.7575371549893843","0.4310219859869534","0.37876857749469217","0.5","0.4354344743948717","0.7557662374416301","0.43101558908174664","0.8778658363996603","0.5002895193977996","0.3867679125553853"
"11/07-22:54:51 - Trial_4","finished","-","","","2024-11-08T03:57:14.000Z","28","","true","32","51","320","0.000010251232726027112","","Adagrad","9","0.1812119778333937","0.001204346584609636","11","0.23524416135881104","0.19044345135785495","0.11762208067940552","0.5","0.6439742888953235","0.2467808122258384","0.1979344001815912","0.1233904061129192","0.5","0.6448049178490272"
"11/07-22:54:51 - Trial_3","finished","-","","","2024-11-08T03:56:45.000Z","28","","false","160","47","448","0.05328140585325106","","Adagrad","0","0.5759394170488242","0.000010034866720328124","12","0.7821656050955414","0.692039075705547","0.7039460916442049","0.683526827555026","0.685226559638977","0.9995754917220886","0.9994228905596508","0.9995217437517944","0.99932413087378","0.029554244275722237"
"11/07-22:54:51 - Trial_2","finished","-","","","2024-11-08T03:56:20.000Z","24","","false","224","53","256","0.0001825874182098359","","Adadelta","4","0.8578453609468228","0.0003607572150808626","11","0.7481953290870488","0.42798153995627886","0.3740976645435244","0.5","0.6833591569553722","0.75873779538701","0.4314104111352482","0.379368897693505","0.5","0.6841397602111101"
"11/07-22:54:51 - Trial_1","finished","-","","","2024-11-08T03:55:52.000Z","26","","true","64","47","448","0.00002575627389196648","","Adadelta","8","0.3319985576783637","0.00008251368707215365","11","0.24713375796178344","0.19816138917262513","0.12356687898089172","0.5","0.6919686327109466","0.24281873496533185","0.19537743367869748","0.12140936748266593","0.5","0.6913076408274539"
"11/07-22:54:51 - Trial_0","finished","-","","","2024-11-08T03:55:19.000Z","31","","false","160","25","512","0.0015443308333219468","","RMSprop","9","0.7687270790110576","0.001013814737657834","25","0.7910828025477707","0.6360599260724149","0.7402556362051842","0.6193130754669531","0.5850402454535166","0.9581151832460733","0.939486895604313","0.9737681673165544","0.9140034863451482","0.08166545397705502"
"11/07-22:44:25 - Trial_3","crashed","-","","","2024-11-08T03:49:40.000Z","92","","false","64","54","384","0.009691625378813755","","Adadelta","0","0.3826535491619918","0.0012607708095218964","4","0.7358811040339702","0.4806050866881496","0.5456989247311828","0.5121723809394447","0.5343483315931784","0.739068911843781","0.4735180748903691","0.5342002838156885","0.5083011011381512","0.5334273085400865"
"11/07-22:44:25 - Trial_2","finished","-","","","2024-11-08T03:48:29.000Z","69","","true","256","39","384","0.001411050506253368","","SGD","6","0.8134995350818555","0.007236290991943978","11","0.7481953290870488","0.42798153995627886","0.3740976645435244","0.5","0.5749167978763581","0.75873779538701","0.4314104111352482","0.379368897693505","0.5","0.5684373421328408"
"11/07-22:44:25 - Trial_1","finished","-","","","2024-11-08T03:46:16.000Z","131","","false","256","42","320","0.00007405130832813314","","Adagrad","1","0.872406916608416","0.0009320930447592238","11","0.7528662420382166","0.4295058139534884","0.3764331210191083","0.5","0.5710800766944886","0.7571812650346682","0.43090674826864234","0.3785906325173341","0.5","0.5649237781763077"
"11/07-22:44:25 - Trial_0","finished","-","","","2024-11-08T03:45:08.000Z","66","","true","224","22","320","0.000016568307115572815","","RMSprop","7","0.48202700048602354","0.008941471398527436","11","0.7549893842887474","0.4301959835470603","0.3774946921443737","0.5","0.5362606184049086","0.756615253997453","0.4312929340793799","0.8782904047551656","0.5002905287623475","0.525829428806901"
"11/07-22:40:02 - Trial_1","finished","-","","","2024-11-08T03:42:08.000Z","178","","false","192","30","256","0.017690250651916546","","Adagrad","10","0.8844961348008918","0.00004749124543364383","10","0.7740976645435245","0.5416973942969519","0.7675478640991589","0.5562285950192172","0.6305120931221888","0.8294891750389133","0.678856181055025","0.9080994508846858","0.6488927738927739","0.10242956091423291"
"11/07-22:40:02 - Trial_0","finished","-","","","2024-11-08T03:40:46.000Z","79","","true","224","40","320","0.000018347199784053368","","RMSprop","3","0.6284343700263546","0.00001300174651403756","11","0.7549893842887474","0.4301959835470603","0.3774946921443737","0.5","0.48584492910992017","0.7564737512381492","0.43067751550793526","0.3782368756190746","0.5","0.45971322897821665"
"11/07-22:28:53 - Trial_4","finished","-","","","2024-11-08T03:39:34.000Z","70","","true","224","29","448","0.025097290771348982","","Adadelta","8","0.8863394396653909","0.00925067857448882","5","0.764755838641189","0.4333493743984601","0.3823779193205945","0.5","0.526639315215024","0.7532191877741616","0.4296206618240517","0.3766095938870808","0.5","0.5341060124337673"
"11/07-22:28:53 - Trial_3","finished","-","","","2024-11-08T03:37:59.000Z","92","","true","256","20","448","0.001422265467602105","","SGD","3","0.6916466030317506","0.008360451910890404","11","0.7532908704883228","0.42964398159360623","0.3766454352441614","0.5","0.5685462117195129","0.7570397622753644","0.4308609164854635","0.3785198811376822","0.5","0.569808521441051"
"11/07-22:28:53 - Trial_2","finished","-","","","2024-11-08T03:36:59.000Z","58","","false","160","51","256","0.00003037409694505339","","SGD","10","0.3340054689669433","0.000011758673681240008","11","0.25180467091295117","0.20115332428765265","0.12590233545647558","0.5","0.6713959693908691","0.24126220461298992","0.1943684450524396","0.12063110230649496","0.5","0.669463676876492"
"11/07-22:28:53 - Trial_1","finished","-","","","2024-11-08T03:32:23.000Z","273","","false","32","34","448","0.0001230259426381945","","SGD","1","0.48135725193141365","0.00003325678797716242","11","0.7515923566878981","0.4340637604859491","0.5432651321398124","0.5008852722103023","0.5864411193776775","0.7557662374416301","0.43661746616557184","0.5506951847903341","0.501242878158408","0.5840671636939588"
"11/07-22:28:53 - Trial_0","finished","-","","","2024-11-08T03:29:37.000Z","164","","true","96","40","384","0.02416619744841458","","RMSprop","9","0.54095839574033","0.0002742981546336488","19","0.7953290870488323","0.6638002118297684","0.7359176329468212","0.6437826662481748","0.5653119206428527","0.910711758879298","0.86412698325642","0.9267656794494008","0.8282994035302125","0.2589952643658664"