"Name","State","Notes","User","Tags","Created","Runtime","Sweep","balanced","batch_size","epochs","hidden_layer","learning_rate","minority_weight","optimizer","threshold","trial_number","weight_decay","Epoch","Test F1-score","Test loss","Train F1-score","Train loss"
"11/06-19:48:33 - Trial_155","crashed","-","","","2024-11-07T04:07:58.000Z","1","","false","160","35","384","0.04262261378343403","1.4822700930662922","Nadam","0.3991941266191712","","0.005702432802329179","","","","",""
"11/06-19:48:33 - Trial_154","finished","-","","","2024-11-07T04:06:49.000Z","63","","false","192","39","384","0.06853190225476095","1.3418906647537965","SGD","0.4133191278203237","","0.0003606522007906368","39","0.6581695714568727","0.6877606327717121","0.7615772919645356","0.3887975304513364"
"11/06-19:48:33 - Trial_153","finished","-","","","2024-11-07T04:05:40.000Z","63","","false","192","38","384","0.06451027998744782","1.1783658382376363","SGD","0.4179981505649842","","0.0009160776688957248","38","0.7205743405996792","0.6452100689594562","0.8963481982908862","0.30260210746043437"
"11/06-19:48:33 - Trial_152","finished","-","","","2024-11-07T04:04:34.000Z","60","","false","192","30","512","0.05225455035062403","1.3010480680296503","SGD","0.48030899618702705","","0.0006936005028928921","30","0.6726981842690525","0.7914016200945928","0.7910734180869516","0.4549153358549685"
"11/06-19:48:33 - Trial_151","finished","-","","","2024-11-07T04:03:23.000Z","65","","false","192","41","512","0.05015197112923784","1.6209196235015078","SGD","0.4396641292212462","","0.0027516355736971615","41","0.7130926752594853","0.5625186975185688","0.8787046549408082","0.28999740610251556"
"11/06-19:48:33 - Trial_150","finished","-","","","2024-11-07T04:02:06.000Z","71","","true","192","37","384","0.03864413641872719","1.3998469924513504","Adadelta","0.5003526114371881","","0.00333620258112368","37","0.6989462303420825","0.6476027827996474","0.8813940496826802","0.3848035488579724"
"11/06-19:48:33 - Trial_149","finished","-","","","2024-11-07T04:00:58.000Z","62","","false","224","35","448","0.09486724945398246","1.7353432061523857","SGD","0.5849061910219953","","0.004171033531352353","35","0.6462386099821984","0.5525529032403772","0.7676171486408014","0.33723644353449345"
"11/06-19:48:33 - Trial_148","finished","-","","","2024-11-07T03:59:50.000Z","62","","false","224","33","448","0.07085138673164461","1.4223780605175809","Adam","0.6281463903769278","","0.005184138832191739","33","0.4319826338639653","0.7366791421716864","0.430691700757684","0.7438518367707729"
"11/06-19:48:33 - Trial_147","finished","-","","","2024-11-07T03:58:38.000Z","65","","false","192","39","448","0.05899052307748584","1.5549918757792796","SGD","0.5264909053789047","","0.00376309494707028","39","0.6162036315940485","0.7988631679461553","0.6942616404963043","0.45512537698487976"
"11/06-19:48:33 - Trial_146","finished","-","","","2024-11-07T03:57:22.000Z","70","","false","160","36","448","0.0787609442455559","1.4747809156821623","Adadelta","0.6853271078588274","","0.004548744499833395","36","0.6508520700358453","0.6988378326098125","0.8746093982958689","0.2311163812875748"
"11/06-19:48:33 - Trial_145","finished","-","","","2024-11-07T03:56:13.000Z","62","","false","192","35","448","0.0761824677156522","1.478211080527922","SGD","0.5258266024204916","","0.0040217642705157024","35","0.7150291118573057","0.6187808467791631","0.8689749445276898","0.31739228561117844"
"11/06-19:48:33 - Trial_144","finished","-","","","2024-11-07T03:55:05.000Z","62","","false","224","36","512","0.05686117742100453","1.413929781116862","SGD","0.4363891437298183","","0.003580267978949429","36","0.7184848907142822","0.5650937882336703","0.8266787658802177","0.4140934804454446"
"11/06-19:48:33 - Trial_143","finished","-","","","2024-11-07T03:53:56.000Z","62","","false","192","36","512","0.07560936846077855","1.419505062567292","SGD","0.4812604728170822","","0.005489490064483459","36","0.721069765553089","0.5981333324542413","0.862786014909376","0.33539987254787135"
"11/06-19:48:33 - Trial_142","finished","-","","","2024-11-07T03:52:43.000Z","67","","false","192","45","512","0.06614840483731199","2.1647352882459514","SGD","0.4654911709165144","","0.00666613256852296","45","0.7099020364235191","0.41649144429426926","0.8641270000418684","0.26085669366089076"
"11/06-19:48:33 - Trial_141","finished","-","","","2024-11-07T03:51:30.000Z","67","","false","192","43","512","0.08158962124555487","2.330375444199523","SGD","0.42225616169444535","","0.008666932946867581","43","0.6874655167575635","0.4607070982456207","0.8350902898574941","0.31933392544050476"
"11/06-19:48:33 - Trial_140","finished","-","","","2024-11-07T03:50:22.000Z","61","","false","192","34","512","0.012807507312813417","3.9285406750732577","SGD","0.31540130696003055","","0.0010351390802916926","34","0.6966493907983269","0.4288455431277935","0.7418648243750288","0.4056367874145508"
"11/06-19:48:33 - Trial_139","finished","-","","","2024-11-07T03:49:08.000Z","68","","false","256","38","512","0.04920548763464847","2.38574730431505","Adadelta","0.47655103570419743","","0.000513452234401507","38","0.6875356435390048","0.46475390493869784","0.8208554583902454","0.30423910702977863"
"11/06-19:48:33 - Trial_138","finished","-","","","2024-11-07T03:48:02.000Z","60","","false","192","30","512","0.00007301472984447728","1.083546504925625","SGD","0.4467028319541647","","0.0017323295318944691","30","0.4520218007152679","0.8376959837399997","0.4458359914938862","0.8393142271686245"
"11/06-19:48:33 - Trial_137","finished","-","","","2024-11-07T03:46:42.000Z","74","","false","160","52","320","0.03872448967196021","2.2154994429533916","Adadelta","0.5434616921821558","","0.0008289130538219232","52","0.6885979825456194","0.466685559352239","0.8775501420813407","0.2464270376496845"
"11/06-19:48:33 - Trial_136","finished","-","","","2024-11-07T03:45:35.000Z","60","","false","224","40","64","0.021032463097062665","1.2865307206967098","Adagrad","0.24826332794088413","","0.0013678512500718315","40","0.6901222727067466","0.90851074999029","0.9506632801825928","0.16876967018470168"
"11/06-19:48:33 - Trial_135","finished","-","","","2024-11-07T03:44:19.000Z","70","","false","224","48","512","0.03137515633608718","1.2089641276990408","SGD","0.5075418338973539","","0.000618288703880329","48","0.7055040686920373","0.6500253623182123","0.8709827413802834","0.3478574906475842"
"11/06-19:48:33 - Trial_134","finished","-","","","2024-11-07T03:43:11.000Z","62","","false","160","32","512","0.0575446471323809","1.3400226264541448","SGD","0.4051155982833064","","0.0007516838692047355","32","0.6992559925679717","0.6532196879386902","0.8322534041817206","0.31445649531152514"
"11/06-19:48:33 - Trial_133","finished","-","","","2024-11-07T03:42:01.000Z","64","","false","192","36","512","0.02542674377694091","1.1354572407943349","SGD","0.4919183544163898","","0.0011036807458925026","36","0.7084098967828996","0.6664149784124814","0.8306685744311443","0.4055144400209994"
"11/06-19:48:33 - Trial_132","finished","-","","","2024-11-07T03:40:56.000Z","59","","false","224","28","512","0.04335852540586479","2.444079053768881","SGD","0.4631785415448385","","0.0004643632015587153","28","0.696868558399983","0.4300405599854209","0.8126844652442562","0.31675379537045956"
"11/06-19:48:33 - Trial_131","finished","-","","","2024-11-07T03:39:50.000Z","60","","false","192","34","512","0.035195420847511115","2.285503990989464","SGD","0.4332103648651533","","0.002557012540956072","34","0.676051602975356","0.44320823825322664","0.7857151268854095","0.31891391486734955"
"11/06-19:48:33 - Trial_130","finished","-","","","2024-11-07T03:38:25.000Z","79","","false","192","50","512","0.09650398823113822","2.735254532160261","Adadelta","0.450417785953917","","0.000907814124953786","50","0.6856837068748426","0.5710713359025809","0.9771180755223308","0.1028545800898526"
"11/06-19:48:33 - Trial_129","finished","-","","","2024-11-07T03:37:10.000Z","69","","true","160","42","448","0.001623435235582817","2.5927892935541945","RMSprop","0.3689406414069888","","0.0006648424069176592","42","0.711910740360228","0.7519804875055949","0.99844309244216","0.0349805408053928"
"11/06-19:48:33 - Trial_128","finished","-","","","2024-11-07T03:35:52.000Z","71","","false","192","55","448","0.04823665361694519","2.3327672078016564","SGD","0.4313817051412404","","0.0009855861215295775","55","0.6783772293517879","0.5386227483932788","0.8321952508103853","0.28268197863488587"
"11/06-19:48:33 - Trial_127","finished","-","","","2024-11-07T03:34:35.000Z","70","","false","192","37","512","0.07106903976845882","2.5297092507873","Adadelta","0.3960303627000061","","0.000569540608591469","37","0.6984837449644519","0.46758543298794675","0.9037748542157517","0.21666787685574712"
"11/06-19:48:33 - Trial_126","finished","-","","","2024-11-07T03:33:27.000Z","62","","false","192","36","512","0.04553989453683888","2.5569512987042913","SGD","0.4350163930680193","","0.0009878598622341018","36","0.7178760677331462","0.4443423656316904","0.8620248791524425","0.2776145741746232"
"11/06-19:48:33 - Trial_125","finished","-","","","2024-11-07T03:32:19.000Z","61","","false","224","39","256","0.03034287958929723","2.696205452065914","SGD","0.48540182615092736","","0.0008325682616900924","39","0.6702350984440126","0.4710404087196697","0.7562666393273673","0.32368477061390877"
"11/06-19:48:33 - Trial_124","finished","-","","","2024-11-07T03:31:05.000Z","68","","false","160","45","512","0.05593103796792023","2.4780227027999295","SGD","0.344938888279006","","0.001303835704288073","45","0.6622892129140132","0.5145242154598236","0.7842144094524244","0.2841868082682292"
"11/06-19:48:33 - Trial_123","finished","-","","","2024-11-07T03:29:49.000Z","69","","false","192","47","512","0.04032113761315329","2.399463782975559","SGD","0.4203618063321713","","0.0016623172003429102","47","0.704595760135831","0.46025792681253874","0.8687315269053727","0.25350868258927317"
"11/06-19:48:33 - Trial_122","finished","-","","","2024-11-07T03:28:35.000Z","68","","false","192","46","512","0.05638698507071118","2.438087121967574","SGD","0.4270312963372207","","0.0008183990504687979","46","0.7150500060014946","0.4702445841752566","0.904593082024875","0.20735246104163096"
"11/06-19:48:33 - Trial_121","finished","-","","","2024-11-07T03:27:19.000Z","70","","false","192","51","512","0.06536922287007883","1.007411841875927","SGD","0.47050091863651544","","0.003767635578178041","51","0.5159357186489452","1.082361285503094","0.5553703723252648","0.8094439667624396"
"11/06-19:48:33 - Trial_120","finished","-","","","2024-11-07T03:25:53.000Z","79","","false","256","62","512","0.01725803045921845","1.529195449438734","Nadam","0.5135599028760892","","0.0006473499579318469","62","0.7121019576359727","0.7418373495340347","0.9239167476298222","0.31741007949624744"
"11/06-19:48:33 - Trial_119","finished","-","","","2024-11-07T03:24:46.000Z","60","","false","192","25","384","0.02168947600883643","1.2263673400153106","Adadelta","0.3863235832547179","","0.0021247899825462984","25","0.7033821095172059","0.6176961247737591","0.7438984035199695","0.5506317671891805"
"11/06-19:48:33 - Trial_118","finished","-","","","2024-11-07T03:23:29.000Z","71","","false","224","50","512","0.0028304516574211656","1.3745920253367891","SGD","0.2885600252135574","","0.0007723640027923199","50","0.5370753300860828","0.6526102044365623","0.5583555610492877","0.6501402370631695"
"11/06-19:48:33 - Trial_117","finished","-","","","2024-11-07T03:21:59.000Z","84","","false","160","57","512","0.04929196398404074","1.0424880813077249","Adam","0.40249086841253273","","0.0009849800940631291","57","0.6802633430346656","0.8490408182144165","0.7055933532268446","0.7809748113155365"
"11/06-19:48:33 - Trial_116","finished","-","","","2024-11-07T03:20:28.000Z","85","","false","192","58","512","0.028128509926401743","1.1472931668446191","Adadelta","0.44322370846244863","","0.001249585377489488","58","0.7054976346078643","0.6694165789164029","0.8643968567138938","0.35567230308378067"
"11/06-19:48:33 - Trial_115","finished","-","","","2024-11-07T03:19:09.000Z","72","","false","192","51","512","0.0509226892064933","1.1503910361601413","SGD","0.4423606552940506","","0.000943348000742808","51","0.7139052425007009","0.719013681778541","0.9333384224173638","0.22349061353786573"
"11/06-19:48:33 - Trial_114","finished","-","","","2024-11-07T03:18:01.000Z","62","","false","192","32","512","0.03881883405314066","1.231016260753714","SGD","0.4596589236741252","","0.004867669676529918","32","0.7055036681338849","0.6457066490099981","0.836309600624412","0.4132346422285647"
"11/06-19:48:33 - Trial_113","finished","-","","","2024-11-07T03:16:49.000Z","66","","false","224","41","512","0.03268871043415475","1.3018159438877273","SGD","0.4142532111208545","","0.0015587889722287666","41","0.7074728959969007","0.6171497540040449","0.8548623836721616","0.38864097371697426"
"11/06-19:48:33 - Trial_112","finished","-","","","2024-11-07T03:15:33.000Z","70","","false","160","47","512","0.09296809455253788","1.4722722667582635","SGD","0.43037237295395575","","0.0004654404138379361","47","0.7061424960461196","0.6418377935886384","0.960882430212806","0.22407089604271785"
"11/06-19:48:33 - Trial_111","finished","-","","","2024-11-07T03:14:15.000Z","72","","false","192","53","512","0.06235949123695617","1.266071863769131","SGD","0.4907713914806518","","0.0009038031467993316","53","0.7073079791200596","0.8374783213321979","0.9566916333859504","0.16934483397651362"
"11/06-19:48:33 - Trial_110","finished","-","","","2024-11-07T03:13:01.000Z","68","","false","192","47","512","0.061862332365605885","1.2717164417260929","SGD","0.43244630811224183","","0.0009306431904399184","47","0.7206901120808848","0.6049360770445603","0.9068949926041816","0.2875460148663134"
"11/06-19:48:33 - Trial_109","finished","-","","","2024-11-07T03:11:43.000Z","72","","false","224","44","448","0.010051204177908763","2.1116744813757684","Adadelta","0.37446918329070505","","0.007210621029251692","44","0.6856397255276785","0.45735079591924493","0.7025835598465509","0.44843432027846575"
"11/06-19:48:33 - Trial_108","finished","-","","","2024-11-07T03:10:43.000Z","54","","true","192","19","448","0.04436113237021736","1.4251747008676738","SGD","0.3538407261283691","","0.0005359920664335986","19","0.4660383133994443","0.9194596914144664","0.6037232891229403","0.6134382631327655"
"11/06-19:48:33 - Trial_107","finished","-","","","2024-11-07T03:09:34.000Z","62","","false","256","36","512","0.08199108340398517","1.1567348169005205","Adagrad","0.2377030043236049","","0.0029751754311506387","36","0.6987825608683051","0.6946645200252533","0.8877252297184559","0.2287301256188325"
"11/06-19:48:33 - Trial_106","finished","-","","","2024-11-07T03:08:30.000Z","57","","false","224","29","192","0.025453685865762195","2.002264824777067","Adadelta","0.4537940413944563","","0.0007159846642621955","29","0.6692156083867762","0.479390797289935","0.7399572000293448","0.4264005636796355"
"11/06-19:48:33 - Trial_105","finished","-","","","2024-11-07T03:07:18.000Z","66","","false","160","38","512","0.05312031442624771","1.936350471732041","SGD","0.32681544130412665","","0.00041594874568338946","38","0.6743503341282003","0.539549462000529","0.8356761730067209","0.2513994230164422"
"11/06-19:48:33 - Trial_104","finished","-","","","2024-11-07T03:06:07.000Z","65","","false","192","35","448","0.03648152603341153","1.0745188600616062","RMSprop","0.4763704130820908","","0.003280372507290752","35","0.3032833682811884","2.24266268656804","0.3082580125846562","2.166912961650539"
"11/06-19:48:33 - Trial_103","finished","-","","","2024-11-07T03:04:56.000Z","65","","false","224","31","512","0.01966781072759326","2.2494710369755695","Adadelta","0.5275309322806013","","0.002005962980051974","31","0.6183651011633544","0.4360638125376268","0.6489703309203668","0.4144908534362912"
"11/06-19:48:33 - Trial_102","finished","-","","","2024-11-07T03:03:43.000Z","67","","false","192","43","512","0.06611174117407512","2.1632585003779137","SGD","0.4414510482116057","","0.006158738741458492","43","0.5963187948550609","0.5194965325869046","0.7004441207239868","0.3481579527661607"
"11/06-19:48:33 - Trial_101","finished","-","","","2024-11-07T03:02:33.000Z","64","","false","192","40","512","0.08234857796713141","2.0820890847264897","SGD","0.40654086727259753","","0.004082769654016046","40","0.6190328238021996","0.5801155016972468","0.7513631133976395","0.35173963050584534"
"11/06-19:48:33 - Trial_100","finished","-","","","2024-11-07T03:01:16.000Z","71","","false","160","34","448","0.04828587806963116","2.149588876531746","Adadelta","0.2975346096889199","","0.00027538791071240917","34","0.7097026525184353","0.4427400608857473","0.8439659626330827","0.27871148818069036"
"11/06-19:48:33 - Trial_99","finished","-","","","2024-11-07T03:00:07.000Z","63","","false","128","26","384","0.03181580900930684","2.3057645255330317","Nadam","0.14494864862371637","","0.0010408301123653906","26","0.6040910276959779","0.4540789848879764","0.6435419794418196","0.4431248967136656"
"11/06-19:48:33 - Trial_98","finished","-","","","2024-11-07T02:58:57.000Z","63","","false","160","33","320","0.01460296651966947","1.3324199435748798","Adadelta","0.2736417581611356","","0.00016165249431744866","33","0.6314902279080161","0.5818250934282939","0.6673165799750336","0.540496646033393"
"11/06-19:48:33 - Trial_97","finished","-","","","2024-11-07T02:57:48.000Z","62","","false","160","31","320","0.05874836338709624","2.758174884420687","Adadelta","0.31186392785762984","","0.0011848732452654283","31","0.6964337227944686","0.4398448328177134","0.8153092556044335","0.28570804231696656"
"11/06-19:48:33 - Trial_96","finished","-","","","2024-11-07T02:56:38.000Z","64","","true","128","28","384","0.024175427363852975","2.3870575981351565","Adadelta","0.8277044545329291","","0.000797577128116028","28","0.6157164367139212","0.48841604433561625","0.6057854185832823","0.4021754903452737"
"11/06-19:48:33 - Trial_95","finished","-","","","2024-11-07T02:55:35.000Z","57","","false","160","24","256","0.044285111688971944","2.503298048684164","Adadelta","0.22299811886465024","","0.000367107359664125","24","0.6789098359219564","0.4273728231589","0.7385823085977834","0.3505830685297648"
"11/06-19:48:33 - Trial_94","finished","-","","","2024-11-07T02:54:36.000Z","52","","false","160","14","384","0.03586485478484774","2.605510263617514","Adadelta","0.26403414719960405","","0.0006087280795124179","14","0.6645445760431994","0.44308796922365823","0.7009825165328116","0.4133930332130856"
"11/06-19:48:33 - Trial_93","finished","-","","","2024-11-07T02:53:30.000Z","60","","false","128","22","384","0.0004270246261280069","2.2088252014711425","Adadelta","0.2008216130696005","","0.0005156681301193817","22","0.2004296489290691","0.59542683551186","0.1956623496745932","0.5915527194738388"
"11/06-19:48:33 - Trial_92","finished","-","","","2024-11-07T02:52:24.000Z","60","","false","160","24","384","0.04845513865621769","2.191867216366139","Adadelta","0.2697006774836787","","0.0005996759054919398","24","0.737036364394732","0.4382455050945282","0.7919192329040111","0.33127958046065437"
"11/06-19:48:33 - Trial_91","finished","-","","","2024-11-07T02:51:13.000Z","65","","false","160","34","384","0.033661328759832146","2.2433898249825015","Adadelta","0.31232088032725897","","0.0007584759666550413","34","0.7189282098906327","0.42279073198636374","0.7917245825926589","0.3296160678068797"
"11/06-19:48:33 - Trial_90","finished","-","","","2024-11-07T02:50:01.000Z","66","","false","224","38","448","0.02797355951757972","1.1901478701865869","Adam","0.5678182562258788","","0.00788215590977741","38","0.4346966418420201","0.7369222749363292","0.45552099972220295","0.7208891659975052"
"11/06-19:48:33 - Trial_89","finished","-","","","2024-11-07T02:48:51.000Z","63","","false","256","41","512","0.021080614465824536","1.383155947338876","SGD","0.498818082992764","","0.005303611872146127","41","0.6956362226456156","0.6244342029094696","0.7948623235397883","0.4367463652576719"
"11/06-19:48:33 - Trial_88","finished","-","","","2024-11-07T02:47:40.000Z","64","","false","192","36","320","0.07487266344816876","1.0906418334469588","Adadelta","0.7097129343084545","","0.0006678058752094826","36","0.7013672512818716","0.6888163319000831","0.9190013061459008","0.2700707811761547"
"11/06-19:48:33 - Trial_87","finished","-","","","2024-11-07T02:46:25.000Z","69","","false","224","54","448","0.01659934488646009","2.064739946656351","SGD","0.3859352348238523","","0.0025955351925021084","54","0.7054529304108778","0.44393548369407654","0.7984425456308567","0.3475828766822815"
"11/06-19:48:33 - Trial_86","finished","-","","","2024-11-07T02:45:17.000Z","62","","false","192","30","512","0.0421305049715266","2.372536287222184","RMSprop","0.34317778067179294","","0.00034305456758418194","30","0.43157132512671975","1.974336550785945","0.43327218304126647","1.8574735763910657"
"11/06-19:48:33 - Trial_85","finished","-","","","2024-11-07T02:43:51.000Z","80","","false","160","45","512","0.05622535082064582","2.511846076593141","Adadelta","0.2688692196889775","","0.0008704167655764765","45","0.7066485951975228","0.5311041335264842","0.91270112784794","0.21704438063833448"
"11/06-19:48:33 - Trial_84","finished","-","","","2024-11-07T02:42:50.000Z","55","","false","224","20","384","0.034944271250967364","3.491863740488551","Adadelta","0.4668384744459552","","0.001479582991925423","20","0.6638928774018474","0.449386710470373","0.7128088572433335","0.40937088429927826"
"11/06-19:48:33 - Trial_83","finished","-","","","2024-11-07T02:41:41.000Z","62","","false","160","26","448","0.0745268521737611","1.9846241159799576","Adadelta","0.3653466448367562","","0.0018441925752339331","26","0.7069771671812617","0.4648582458496094","0.8605295184734437","0.2715988490316603"
"11/06-19:48:33 - Trial_82","finished","-","","","2024-11-07T02:40:27.000Z","67","","false","192","34","512","0.027966591643367174","2.3735017860366714","Adadelta","0.3098703133409428","","0.0011545964166156067","34","0.697975818115751","0.42598262887734634","0.7815324722083512","0.35892501876160904"
"11/06-19:48:33 - Trial_81","finished","-","","","2024-11-07T02:39:11.000Z","69","","false","160","34","448","0.030701620751306856","2.399504750331798","Adadelta","0.3253827685664944","","0.00113126557477737","34","0.7139102060255006","0.4303079962730408","0.8004952737191586","0.34134351942274305"
"11/06-19:48:33 - Trial_80","finished","-","","","2024-11-07T02:37:52.000Z","72","","false","224","58","512","0.01554621940416034","2.8580018026065854","SGD","0.4368357441413805","","0.00026631766802751863","58","0.6867064560553588","0.4339995790611614","0.7988882683958335","0.33527202997356653"
"11/06-19:48:33 - Trial_79","finished","-","","","2024-11-07T02:36:35.000Z","71","","false","192","49","448","0.0008862843878337958","1.2543600670233437","Adagrad","0.4051626135468527","","0.00041602771523607617","49","0.7056664855633622","0.7101215124130249","0.9602511061670376","0.15032507157003558"
"11/06-19:48:33 - Trial_78","finished","-","","","2024-11-07T02:35:19.000Z","70","","false","256","42","512","0.051332835770183154","2.226579177844603","Adadelta","0.4578540947232057","","0.0004801915864717074","42","0.685964061744178","0.4377889513969421","0.8264652842168125","0.2903550368334566"
"11/06-19:48:33 - Trial_77","finished","-","","","2024-11-07T02:34:14.000Z","59","","false","224","29","512","0.00006009540423879909","2.563989676780432","SGD","0.41762473698506497","","0.0005645575258454134","29","0.4197063148582949","0.6302635073661804","0.427591966220472","0.6290798056870699"
"11/06-19:48:33 - Trial_76","finished","-","","","2024-11-07T02:32:59.000Z","68","","false","160","34","448","0.03086304331545108","2.2615725445172132","Adadelta","0.3314784189777692","","0.0007280472883312893","34","0.7113469986654442","0.4447475890318552","0.7919171967902094","0.33969677090644834"
"11/06-19:48:33 - Trial_75","finished","-","","","2024-11-07T02:31:45.000Z","68","","false","192","34","512","0.030257697366007055","2.236418084468742","Adadelta","0.4049559029668902","","0.000640587585468161","34","0.7212538171059586","0.4210349183816176","0.7921258398348621","0.35057272298915965"
"11/06-19:48:33 - Trial_74","finished","-","","","2024-11-07T02:30:31.000Z","68","","false","224","39","448","0.04056046072592495","1.8888996782362488","Adadelta","0.5088905153182446","","0.0043203990849986895","39","0.6732105001526962","0.48265191370790655","0.8093032325097155","0.3463791236281395"
"11/06-19:48:33 - Trial_73","finished","-","","","2024-11-07T02:29:08.000Z","77","","false","192","46","512","0.019008454248078472","1.5508975254941684","Adadelta","0.6127075795148756","","0.003212480645589344","46","0.6898282033251407","0.5403782702409304","0.7425215658794946","0.4485963727976825"
"11/06-19:48:33 - Trial_72","finished","-","","","2024-11-07T02:28:11.000Z","51","","false","160","5","512","0.000011301174259209644","1.792933747894592","Adadelta","0.43947778320346975","","0.00009972964310265576","5","0.18370883882149047","0.7501343329747517","0.20011318619128465","0.7556848314073351"
"11/06-19:48:33 - Trial_71","finished","-","","","2024-11-07T02:26:53.000Z","72","","false","192","37","512","0.023983949756403385","1.6673833512302974","Adadelta","0.5348628719311456","","0.00236602369144037","37","0.6792062879370883","0.5426779137207911","0.7789919211147772","0.42569501255009623"
"11/06-19:48:33 - Trial_70","finished","-","","","2024-11-07T02:25:51.000Z","55","","false","256","24","128","0.01089847681832874","2.442977628492144","Nadam","0.3824687188111985","","0.009895264116984817","24","0.6682421396488363","0.4709407806396485","0.7438379531939547","0.4432957970670291"
"11/06-19:48:33 - Trial_69","finished","-","","","2024-11-07T02:24:38.000Z","66","","false","192","39","512","0.06426710030376027","1.4649933663524024","SGD","0.5057398026296076","","0.0014434645407912976","39","0.6777377200127492","0.5687832236289978","0.8765849171535833","0.3499083462599161"
"11/06-19:48:33 - Trial_68","finished","-","","","2024-11-07T02:23:16.000Z","76","","false","224","50","512","0.09939735463163958","1.7953826884104092","Adam","0.4698986766320077","","0.005626078557515579","50","0.5369543226111698","0.7361580025066029","0.5561825210368413","0.7240682933479548"
"11/06-19:48:33 - Trial_67","finished","-","","","2024-11-07T02:22:09.000Z","60","","false","160","27","448","0.04018429925799791","2.07300583293891","SGD","0.5772252487286232","","0.0010024475016249456","27","0.5971350626198602","0.4595660209655762","0.6992284839865573","0.3190963308016459"
"11/06-19:48:33 - Trial_66","finished","-","","","2024-11-07T02:20:58.000Z","64","","false","192","33","512","0.026339844923229876","1.0208932210234758","Adagrad","0.4954260327055384","","0.0037101909697374777","33","0.7012907879029049","0.8554814412043645","0.9838201379089512","0.1852346247917897"
"11/06-19:48:33 - Trial_65","finished","-","","","2024-11-07T02:19:44.000Z","67","","false","256","42","512","0.011978966171877192","1.1921688682558536","SGD","0.39703118735719634","","0.000023014113290295297","42","0.703628194963567","0.6385973334312439","0.7749798158908164","0.5295249415295464"
"11/06-19:48:33 - Trial_64","finished","-","","","2024-11-07T02:18:37.000Z","61","","false","224","30","448","0.0183230806844703","2.6409659920838515","SGD","0.5432802478970006","","0.006776952553525883","30","0.607827309522841","0.4485164122147994","0.6677230438798563","0.39841507375240326"
"11/06-19:48:33 - Trial_63","finished","-","","","2024-11-07T02:17:24.000Z","67","","false","160","35","512","0.07160517366899591","1.6226199370241905","SGD","0.35357772941721877","","0.008482444125899404","35","0.6253245961597074","0.8142785708109538","0.7168245187802935","0.560318042172326"
"11/06-19:48:33 - Trial_62","finished","-","","","2024-11-07T02:16:07.000Z","71","","false","192","48","512","0.05319303410437457","2.3173135570897694","SGD","0.4752270476459884","","0.004772425374771782","48","0.6950391346116203","0.4302860956925612","0.8593559910668869","0.25923571916850835"
"11/06-19:48:33 - Trial_61","finished","-","","","2024-11-07T02:14:55.000Z","66","","false","192","43","512","0.08242820759812114","2.1275634744482823","SGD","0.45171076181390774","","0.007274143622938029","43","0.6767527337613811","0.44749935544454134","0.835760951575907","0.2722835113873353"
"11/06-19:48:33 - Trial_60","finished","-","","","2024-11-07T02:13:53.000Z","56","","false","224","17","384","0.04345607314835888","1.3631571298089626","Nadam","0.6583492694079284","","0.002267493974709425","17","0.43074691805656273","1.1319606791843069","0.4304939962930131","1.0662982184439898"
"11/06-19:48:33 - Trial_59","finished","-","","","2024-11-07T02:12:50.000Z","57","","false","224","22","448","0.005584478713695673","1.0980137775055618","SGD","0.2850382184860517","","0.004915907621799346","22","0.5086315615448438","0.695290289141915","0.5243306844521314","0.7019243650138378"
"11/06-19:48:33 - Trial_58","finished","-","","","2024-11-07T02:11:36.000Z","67","","false","256","31","448","0.03028329065359854","1.518183972509391","SGD","0.4205295949019921","","0.0018157139297760344","31","0.7017175596884062","0.5570802927017212","0.7617156733276517","0.4502113834023475"
"11/06-19:48:33 - Trial_57","finished","-","","","2024-11-07T02:10:16.000Z","74","","false","224","47","512","0.09719898232329575","1.2816962316733314","Adam","0.48880884163335214","","0.0033506597115484787","47","0.4600636498017527","0.8224501718174327","0.4809554061980561","0.8425250891596079"
"11/06-19:48:33 - Trial_56","finished","-","","","2024-11-07T02:08:55.000Z","74","","false","256","58","512","0.013018216175217754","1.1121880394158363","Adagrad","0.7853039580922765","","0.0011406637664597668","58","0.6558332272617987","0.9669331967830658","0.995997987546508","0.05406160985252687"
"11/06-19:48:33 - Trial_55","finished","-","","","2024-11-07T02:07:41.000Z","68","","false","256","52","448","0.04654920848717313","1.3021008536147207","SGD","0.42476558002844206","","0.0028786469920583087","52","0.5899210412159333","0.8831256747245788","0.7020378711988917","0.6286014829363141"
"11/06-19:48:33 - Trial_54","finished","-","","","2024-11-07T02:06:27.000Z","68","","false","256","51","512","0.09879859446896085","1.2860548939203365","SGD","0.48732118056510904","","0.003330375874534408","51","0.7172120841650583","0.6207759201526641","0.8641586141710433","0.3034552697624479"
"11/06-19:48:33 - Trial_53","finished","-","","","2024-11-07T02:05:14.000Z","66","","false","224","44","512","0.07524573050641058","2.191831261146595","SGD","0.3606687068595106","","0.005823936206439485","44","0.7011455246936105","0.4496356086297469","0.8063893712256514","0.30564839858561754"
"11/06-19:48:33 - Trial_52","finished","-","","","2024-11-07T02:04:02.000Z","66","","false","192","43","512","0.0814133472935576","2.1466555631219166","SGD","0.4681136975362462","","0.006207576142759159","43","0.7128224985431669","0.4548435646754045","0.8725596100201196","0.2518402100414843"
"11/06-19:48:33 - Trial_51","finished","-","","","2024-11-07T02:02:54.000Z","62","","false","192","37","512","0.02136359160015671","1.8668677488466252","SGD","0.5568439623596351","","0.004427991327363921","37","0.6428153498108371","0.528474395091717","0.7240702515546391","0.3824319323977908"
"11/06-19:48:33 - Trial_50","finished","-","","","2024-11-07T02:01:49.000Z","59","","false","224","32","448","0.05144251058922321","1.62588953133566","SGD","0.4215824011458701","","0.002279779267945711","32","0.6798662028364999","0.6415195058692585","0.8071995443732185","0.3973099132999778"
"11/06-19:48:33 - Trial_49","finished","-","","","2024-11-07T02:00:42.000Z","61","","false","192","26","448","0.026117784864475142","1.462778649945594","Adam","0.607088423857963","","0.009624115284486713","26","0.5523422050813549","0.6317731554691608","0.578369984891724","0.610964979674365"
"11/06-19:48:33 - Trial_48","finished","-","","","2024-11-07T01:59:30.000Z","65","","false","256","45","512","0.01407480110245904","1.1696590499765585","SGD","0.4828852692821526","","0.0019330225232058573","45","0.695921119633067","0.6497504830360412","0.7898425638522175","0.5023356516446386"
"11/06-19:48:33 - Trial_47","finished","-","","","2024-11-07T01:58:33.000Z","51","","false","224","12","512","0.03217478934130237","1.9188534566462128","SGD","0.3695940404920052","","0.0064767457315077675","12","0.6941558441558442","0.49870626763864","0.7291074620407769","0.46403633058071136"
"11/06-19:48:33 - Trial_46","finished","-","","","2024-11-07T01:57:27.000Z","60","","false","192","32","512","0.0637341614323348","1.3380602387720335","SGD","0.4394942282664207","","0.003534741742720841","32","0.7016564137911493","0.6202260439212506","0.8055076897173359","0.3764635477517102"
"11/06-19:48:33 - Trial_45","finished","-","","","2024-11-07T01:56:26.000Z","55","","false","224","21","448","0.05830701439438035","1.1743885461847885","SGD","0.4834020150469523","","0.00558960975020737","21","0.6967103728244133","0.7034642696380615","0.7740981862817601","0.5091490913182497"
"11/06-19:48:33 - Trial_44","finished","-","","","2024-11-07T01:55:23.000Z","56","","false","256","28","448","0.03810849115459674","1.970384323795359","SGD","0.38525214632666993","","0.003965845936562217","28","0.6771239623186462","0.4823327213525772","0.7777370344425492","0.38277895961488995"
"11/06-19:48:33 - Trial_43","finished","-","","","2024-11-07T01:54:18.000Z","58","","false","192","30","448","0.03416046074615824","1.923399256987966","SGD","0.4582663532270516","","0.004500910977954543","30","0.7174879994827144","0.4902767309775719","0.788347080234356","0.4020120445135477"
"11/06-19:48:33 - Trial_42","finished","-","","","2024-11-07T01:53:12.000Z","60","","false","224","31","512","0.027751151559395625","1.3867180708597473","SGD","0.463213947994552","","0.003099711921970294","31","0.7130334859502648","0.584698265249079","0.8197064080611788","0.4294761307537556"
"11/06-19:48:33 - Trial_41","finished","-","","","2024-11-07T01:52:01.000Z","64","","false","224","41","512","0.09593813361536556","1.110792501828711","SGD","0.5816906198805942","","0.007749490451119368","41","0.6984292119335034","0.6615705598484386","0.843244134880851","0.37342196237295866"
"11/06-19:48:33 - Trial_40","finished","-","","","2024-11-07T01:50:53.000Z","62","","false","256","36","512","0.035335570072341935","1.2412060594367322","SGD","0.6408236291553041","","0.0028705376072493587","36","0.6145731308138502","0.6412683963775635","0.6952771146852883","0.4546481530581202"
"11/06-19:48:33 - Trial_39","finished","-","","","2024-11-07T01:49:42.000Z","65","","false","224","41","512","0.03914022449631504","1.1721698176136237","SGD","0.6082908431357257","","0.002551123872036177","41","0.7198151609215454","0.6434040882370688","0.8562813319309657","0.379268535412848"
"11/06-19:48:33 - Trial_38","finished","-","","","2024-11-07T01:48:24.000Z","71","","false","224","40","512","0.02196845413514646","1.4385658272029338","Adadelta","0.4533775677768913","","0.009091484766830195","40","0.7056664855633622","0.5685751167210665","0.7825108700286221","0.4775573071092367"
"11/06-19:48:33 - Trial_37","finished","-","","","2024-11-07T01:47:09.000Z","69","","false","224","37","512","0.03050012214519112","1.4349047272545778","Adadelta","0.4457992646695985","","0.009545364750394086","37","0.7155654699263865","0.5808317769657482","0.7976691159192775","0.45189748145639896"
"11/06-19:48:33 - Trial_36","finished","-","","","2024-11-07T01:45:54.000Z","69","","false","224","37","512","0.023041435664768788","1.14219320453214","Adadelta","0.45313763112743144","","0.0003846245666804212","37","0.7366983403931398","0.6013510227203369","0.7768042344511368","0.5160287981852889"
"11/06-19:48:33 - Trial_35","finished","-","","","2024-11-07T01:44:37.000Z","71","","false","224","40","512","0.01761690620962084","1.412161564318401","Adadelta","0.5193020343568676","","0.0003148774701850141","40","0.7061465028467265","0.5692119219086387","0.7599436683224753","0.5101290866732597"
"11/06-19:48:33 - Trial_34","finished","-","","","2024-11-07T01:43:13.000Z","78","","false","192","51","448","0.06428136155468285","1.7001281054811677","Adadelta","0.6592449307288445","","0.0000665385440432459","51","0.6561492009638812","0.678344896206489","0.925776251206193","0.1611764080621101"
"11/06-19:48:33 - Trial_33","finished","-","","","2024-11-07T01:41:57.000Z","70","","false","192","38","512","0.022406511649712232","1.717477751588004","Adadelta","0.5183604288052452","","0.00012420274324689468","38","0.7096968176789895","0.5062874349263998","0.7651153994124436","0.4278782638343605"
"11/06-19:48:33 - Trial_32","finished","-","","","2024-11-07T01:40:23.000Z","87","","false","96","48","448","0.006846534407432936","2.973321782199446","Adadelta","0.5578039859030635","","0.0004055010227611111","48","0.5935632719330024","0.4535284984111786","0.6326220138944144","0.4116793081567094"
"11/06-19:48:33 - Trial_31","finished","-","","","2024-11-07T01:38:57.000Z","80","","false","96","36","512","0.0025605555615006268","2.4383375451466938","Adadelta","0.4578284731882723","","0.0001894572525004552","36","0.4555249300641765","0.5097786366939545","0.45261334830890065","0.5101644396781921"
"11/06-19:48:33 - Trial_30","finished","-","","","2024-11-07T01:37:20.000Z","90","","false","128","69","384","0.00980678820864265","2.045999758474264","Adadelta","0.5901614421237361","","0.000577679473615021","69","0.6216747123054532","0.4426232592055672","0.6877840576766461","0.38233466020652224"
"11/06-19:48:33 - Trial_29","finished","-","","","2024-11-07T01:35:47.000Z","86","","false","128","55","448","0.03405257536716199","1.7223742965535165","Adadelta","0.7041313643244022","","0.00022064755978357025","55","0.6634922104398822","0.6065241663079513","0.8534101689588567","0.22869156886424336"
"11/06-19:48:33 - Trial_28","finished","-","","","2024-11-07T01:34:18.000Z","83","","false","160","62","384","0.007305263249982473","1.3685390123017742","Adadelta","0.5495416560311913","","0.00006763780395432393","62","0.6972480385860189","0.5971199194590251","0.7357010431080273","0.5391965660783979"
"11/06-19:48:33 - Trial_27","finished","-","","","2024-11-07T01:32:46.000Z","86","","false","128","55","448","0.00846045442229195","1.7801272695835253","Adadelta","0.528546768131404","","0.00019886002289829015","55","0.7045103958313343","0.49479862733891133","0.7396989256948256","0.4547102962221418"
"11/06-19:48:33 - Trial_26","finished","-","","","2024-11-07T01:31:03.000Z","96","","true","96","66","384","0.00905190104035296","1.5832128220134414","Adadelta","0.5154086837322058","","0.0002263737998109762","66","0.703991387178289","0.6193001914024353","0.8436225385994058","0.4487245332550358"
"11/06-19:48:33 - Trial_25","finished","-","","","2024-11-07T01:29:40.000Z","77","","true","160","81","128","0.0019454367257910716","1.514584261325063","Adagrad","0.1782306092381692","","0.0026533979069471424","81","0.6474706115440496","0.6694136559963226","0.850607270901868","0.17262592746151817"
"11/06-19:48:33 - Trial_24","finished","-","","","2024-11-07T01:28:03.000Z","91","","true","128","99","256","0.00022013141496097285","1.014215803576369","RMSprop","0.24886415656345628","","0.0007946825239725849","99","0.6715377449354997","1.4777293958162006","0.995895564945866","0.021313814047191824"
"11/06-19:48:33 - Trial_23","finished","-","","","2024-11-07T01:26:21.000Z","95","","true","96","100","256","0.008001969106929727","1.0353032569248424","RMSprop","0.29512046608655695","","0.0002085582463649379","100","0.7044827277813482","1.8275446724891664","0.9899532525908484","0.1842782439512981"
"11/06-19:48:33 - Trial_22","finished","-","","","2024-11-07T01:24:38.000Z","96","","true","64","72","320","0.0012947920035427723","2.141679486958569","RMSprop","0.3924802507194567","","0.0016444688506720162","72","0.6832169287259108","0.7086030695889447","0.9949049407727302","0.09791903248107112"
"11/06-19:48:33 - Trial_21","finished","-","","","2024-11-07T01:23:03.000Z","89","","true","96","74","320","0.0004080915599244332","1.60825357697128","RMSprop","0.32184825887909563","","0.0008888884918829085","74","0.7012789620265594","0.970622217655182","0.9961778385466552","0.022837916036715377"
"11/06-19:48:33 - Trial_20","finished","-","","","2024-11-07T01:21:53.000Z","64","","true","96","18","192","0.04891078889891998","1.524160308190282","Adam","0.17336712051431924","","0.00004608401914523976","18","0.6164342661705914","0.8117665624618531","0.7941236878937233","0.5146372229666323"
"11/06-19:48:33 - Trial_19","finished","-","","","2024-11-07T01:19:40.000Z","127","","true","32","88","64","0.00012846208600901431","2.6626198908303875","RMSprop","0.7374123875232275","","0.00025082779411111","88","0.6537435966700424","1.4012128529516426","0.9981604163921354","0.02391904877178472"
"11/06-19:48:33 - Trial_18","finished","-","","","2024-11-07T01:18:06.000Z","88","","false","64","32","512","0.015627951115071783","3.9954813464765095","Nadam","0.21788671484719052","","0.0013154175073346805","32","0.6790277962691755","0.4786357082225181","0.7400989309548193","0.3910713405222506"
"11/06-19:48:33 - Trial_17","finished","-","","","2024-11-07T01:16:40.000Z","79","","true","128","61","384","0.0017793763958163127","3.1833171790106496","RMSprop","0.33525143953959446","","0.00004129698143060933","61","0.6893262056910299","1.179778986855557","0.9949058026418416","0.03411608096212149"
"11/06-19:48:33 - Trial_16","finished","-","","","2024-11-07T01:15:19.000Z","74","","true","256","24","192","0.00018223468435433248","1.3062965460200855","Nadam","0.8818068679294377","","0.000011416172608804856","24","0.6506109632056796","0.7941285729408264","0.9554680665548952","0.0985611097088882"
"11/06-19:48:33 - Trial_15","finished","-","","","2024-11-07T01:13:25.000Z","111","","true","64","83","384","0.013608950152844796","2.332196869979951","Adagrad","0.42320373966097935","","0.001373013193819872","83","0.6972087870845112","0.6426784492827751","0.9990094692608192","0.03160910204321415"
"11/06-19:48:33 - Trial_14","finished","-","","","2024-11-07T01:12:05.000Z","77","","true","64","28","320","0.003858069330266045","2.296512624900862","Adadelta","0.24571124102683023","","0.00013104975230368378","28","0.3655535995976315","0.5747858430888202","0.5062241423497968","0.5431423713495066"
"11/06-19:48:33 - Trial_13","finished","-","","","2024-11-07T01:09:31.000Z","151","","true","32","92","192","0.02336535932262526","1.233034269641225","Nadam","0.40426475110150945","","0.0001095712650278192","92","0.5840637008572274","0.9290381782763714","0.7952010419828826","0.5653440052837269"
"11/06-19:48:33 - Trial_12","finished","-","","","2024-11-07T01:07:37.000Z","111","","true","64","90","320","0.004220196170468037","1.2150947189189958","RMSprop","0.3384061964441388","","0.0001668114127707463","90","0.6982209536707975","1.4136048410389874","0.9934897456314196","0.1079286477687928"
"11/06-19:48:33 - Trial_11","finished","-","","","2024-11-07T01:04:58.000Z","157","","true","32","98","256","0.0007380296202996662","1.9882056120710696","Adagrad","0.30693948858254405","","0.00040443509643559066","98","0.6798009463207701","0.6126307033606477","0.956786710876334","0.10584442113521952"
"11/06-19:48:33 - Trial_10","finished","-","","","2024-11-07T01:04:05.000Z","50","","false","224","9","64","0.09038494776878853","1.0001496872365196","Adadelta","0.8882972367652373","","0.000651233457213559","9","0.4381753411683671","0.642181396484375","0.4328453394093821","0.6000196672976017"
"11/06-19:48:33 - Trial_9","finished","-","","","2024-11-07T01:02:32.000Z","90","","true","160","76","384","0.00002837419846187542","1.8189728563070653","Nadam","0.1074187883973635","","0.000018201983582515","76","0.646452190084607","0.704999707142512","0.9126683127412472","0.07722572187582652"
"11/06-19:48:33 - Trial_8","finished","-","","","2024-11-07T01:01:37.000Z","52","","true","128","8","512","0.0000334603356281522","3.1057304346355825","Nadam","0.24136980038615763","","0.000040196345440660634","8","0.5581387561558806","0.4760031982472068","0.7146792228163104","0.39664036514503614"
"11/06-19:48:33 - Trial_7","finished","-","","","2024-11-07T01:00:37.000Z","57","","true","192","24","448","0.00004789206458271067","2.7555995783815","SGD","0.4818646171114961","","0.00030470132313338983","24","0.21194653858387005","0.6936416855225196","0.33791675403314464","0.6905428235595291"
"11/06-19:48:33 - Trial_6","finished","-","","","2024-11-07T00:59:13.000Z","81","","true","64","45","448","0.00498687527564312","3.5315178731837142","SGD","0.17848993250206072","","0.00008438817277366841","45","0.5481686046511628","0.4904257437667331","0.6909352264777704","0.3842033636462581"
"11/06-19:48:33 - Trial_5","finished","-","","","2024-11-07T00:57:53.000Z","77","","true","32","15","512","0.002898960504462469","2.4566284278068182","Nadam","0.1316615007513982","","0.00013350703737207215","15","0.7022167951444267","0.8126152475943437","0.987114889737023","0.08480441373060732"
"11/06-19:48:33 - Trial_4","finished","-","","","2024-11-07T00:56:32.000Z","79","","true","96","45","448","0.0036303228773226425","3.665667497428581","Adam","0.11429975290138392","","0.00461318088021","45","0.6096874779541446","0.554707487821579","0.8274540676598737","0.24907189909670804"
"11/06-19:48:33 - Trial_3","finished","-","","","2024-11-07T00:55:19.000Z","71","","false","192","55","256","0.0005430762969119064","3.732226842294949","Adam","0.5118246692195483","","0.005683724950858978","55","0.6937302649183837","0.5334523113874289","0.9934215324770048","0.10207508363433786"
"11/06-19:48:33 - Trial_2","finished","-","","","2024-11-07T00:52:52.000Z","145","","false","32","64","512","0.000017610952564859764","1.858955243194524","RMSprop","0.6152359196680275","","0.004688881399320878","64","0.6646471014416546","0.5241457439354948","0.8723546781008026","0.2281295779536213"
"11/06-19:48:33 - Trial_1","finished","-","","","2024-11-07T00:51:45.000Z","64","","false","96","40","128","0.000036972719798327494","2.7471203641369657","RMSprop","0.6347655032277035","","0.0063988214492115576","40","0.6062080387023179","0.4394031691551208","0.7273265920884429","0.29370214246414805"
"11/06-19:48:33 - Trial_0","finished","-","","","2024-11-07T00:50:12.000Z","91","","true","96","74","320","0.00041206559714813273","1.5971086465499271","RMSprop","0.32081830209491724","","0.00046550976326853623","74","0.6979575200862362","1.0460373163223269","0.9981604163921354","0.013985353534588137"